country,year,gdp_current_usd,gdp_current_lcu,gdp_growth_annual_pct,gdp_ppp_current_international_usd,gdp_at_market_prices_constant_2010_usd,gdp_constant_lcu,gdp_ppp_constant_2011_international_usd,gdp_deflator_base_year_varies_by_country,gdp_per_capita_current_usd,gdp_per_capita_current_lcu,gdp_per_capita_ppp_current_international_usd,gdp_per_capita_ppp_constant_2011_international_usd,gni_per_capita_atlas_method_current_usd,gni_per_capita_ppp_current_international_usd,gni_per_capita_current_lcu,gni_current_lcu,poverty_headcount_ratio_at_usd_3_20_a_day_ppp_pct_of_population,total_debt_service_pct_of_gni,general_government_total_expenditure_current_lcu,ppp_conversion_factor_gdp_lcu_per_international_usd,dec_alternative_conversion_factor_lcu_per_usd,official_exchange_rate_lcu_per_usd_period_average,price_level_ratio_of_ppp_conversion_factor_gdp_to_market_exchange_rate,ppp_conversion_factor_private_consumption_lcu_per_international_usd
Burundi,2020,2649680261.0,5910570000000.0,0.33,9923498550.0,3218331065.0,1785540000000.0,10521601909.0,331.02,210.01,468459.71,786.52,833.92,210.0,790.0,471031.21,5943020000000.0,87.2,1.38,1725699000000.0,595.61,2230.67,1915.05,0.27,633.88
Burundi,2021,2775798697.0,6612790000000.0,3.1,10847771569.0,3318099328.0,1840890000000.0,10847771569.0,359.22,214.09,510030.65,836.67,836.67,220.0,840.0,511522.0,6632130000000.0,,1.07,1880152000000.0,609.6,2382.3,1975.95,0.26,657.41
Burundi,2022,3338722828.0,7969720000000.0,1.85,11836036574.0,3379450966.0,1874930000000.0,11048346804.0,425.07,250.63,598277.77,888.52,829.39,230.0,890.0,600784.08,8003100000000.0,,0.99,2673964000000.0,673.34,2387.06,2034.31,0.28,723.14
Burundi,2023,2629391600.0,9071960000000.0,2.67,12588790451.0,3469531570.0,1924910000000.0,11342844864.0,471.29,192.07,662696.88,919.6,828.58,220.0,930.0,667377.91,9136040000000.0,,1.68,3101347000000.0,720.64,3450.21,2574.05,0.21,881.67
Comoros,2020,1225039196.0,527650000000.0,4.01,2616330804.0,1175888998.0,524140000000.0,2747039030.0,100.67,1527.17,657784.02,3261.59,3424.54,1580.0,3280.0,660956.9,530195000000.0,,0.88,98517000000.0,201.68,430.72,430.72,0.47,233.77
Comoros,2021,1299039312.0,540343000000.0,2.73,2821917778.0,1207941362.0,538427000000.0,2821917778.0,100.36,1587.73,660425.53,3449.04,3449.04,1620.0,3470.0,663626.35,542962000000.0,,0.27,105583000000.0,191.48,415.96,415.96,0.46,228.05
Comoros,2022,1279542248.0,597782000000.0,2.82,3108308932.0,1241985921.0,553602000000.0,2901450569.0,107.98,1533.88,716603.45,3726.15,3478.17,1640.0,3750.0,720305.04,600870000000.0,,0.38,105309000000.0,192.32,467.18,467.18,0.41,
Comoros,2023,1430523436.0,650876000000.0,3.06,3318845024.0,1280048597.0,570568000000.0,2990370233.0,114.08,1682.2,765387.56,3902.75,3516.48,1660.0,3920.0,769337.84,654235000000.0,,1.31,107878000000.0,196.12,454.99,454.99,0.43,
DRC Congo,2020,48716961860.0,90181000000000.0,1.74,109045000000.0,45259708654.0,128803000000000.0,122640000000.0,700.15,507.52,939483.8,1136.01,1277.63,520.0,1110.0,915031.97,87833900000000.0,92.5,0.57,11656620000000.0,827.0,1851.12,1851.12,0.45,885.97
DRC Congo,2021,55328482784.0,110115000000000.0,6.2,130244000000.0,48065880295.0,137689000000000.0,130244000000.0,805.0,558.03,1110599.42,1313.62,1313.62,540.0,1270.0,1070654.48,106154000000000.0,,0.6,15892293000000.0,845.45,1990.2,1989.39,0.42,928.6
DRC Congo,2022,65801547756.0,132064000000000.0,8.92,151982000000.0,52355494716.0,148997000000000.0,141867000000.0,886.35,642.61,1289722.82,1484.24,1385.46,590.0,1400.0,1220786.34,125005000000000.0,,0.62,24274559000000.0,868.94,2007.0,2006.71,0.43,
DRC Congo,2023,67006756666.0,163777000000000.0,8.61,171006000000.0,56862826231.0,161824000000000.0,154081000000.0,1012.07,633.4,1548140.57,1616.47,1456.48,640.0,1570.0,1499737.02,158657000000000.0,,0.76,27144749000000.0,957.73,2444.19,2340.04,0.39,
Djibouti,2020,3144136197.0,558779000000.0,1.2,6108376123.0,3065135713.0,528400000000.0,6400671631.0,105.75,2844.89,505596.36,5527.0,5791.48,2780.0,5350.0,489745.84,541261000000.0,,2.33,144139000000.0,91.48,177.72,177.72,0.51,100.04
Djibouti,2021,3392796953.0,602971000000.0,4.41,6682759258.0,3200221046.0,551687000000.0,6682759258.0,109.3,3025.91,537767.98,5960.11,5960.11,2990.0,5850.0,528203.63,592247000000.0,,1.84,139436000000.0,90.23,177.72,177.72,0.51,96.93
Djibouti,2022,3562814909.0,633187000000.0,5.17,7529088292.0,3365561652.0,580190000000.0,7028026489.0,109.13,3133.26,556845.71,6621.33,6180.68,3310.0,6750.0,567437.16,645231000000.0,,2.14,132736000000.0,84.1,177.72,177.72,0.47,94.4
Djibouti,2023,3917150481.0,696160000000.0,7.37,8375036989.0,3613673263.0,622962000000.0,7546137626.0,111.75,3397.52,603810.68,7264.04,6545.1,3510.0,7460.0,619685.39,714463000000.0,,2.52,149757000000.0,83.12,177.72,177.72,0.47,92.02
Eritrea,2020,,,,,,,,,,,,,,,,,,,,5.01,15.07,15.07,0.33,4.99
Eritrea,2021,,,,,,,,,,,,,,,,,,,,4.94,15.07,15.07,0.33,5.2
Eritrea,2022,,,,,,,,,,,,,,,,,,,,,15.07,15.07,,
Eritrea,2023,,,,,,,,,,,,,,,,,,,,,15.07,15.07,,
Ethiopia,2020,107658000000.0,3374750000000.0,6.06,286210000000.0,95071775812.0,21091800000000.0,299262000000.0,160.0,905.31,28378.85,2406.79,2516.55,860.0,2390.0,28217.37,33555400000000.0,,1.89,488243000000.0,11.79,31.35,34.93,0.38,11.29
Ethiopia,2021,111262000000.0,4341020000000.0,5.64,316145000000.0,100435000000.0,22281700000000.0,316145000000.0,194.82,910.95,35541.79,2588.41,2588.41,930.0,2580.0,35358.55,43186400000000.0,63.7,1.82,599007000000.0,13.73,39.02,43.73,0.35,13.44
Ethiopia,2022,126773000000.0,6157020000000.0,5.32,356709000000.0,105780000000.0,23467500000000.0,332970000000.0,262.36,1011.07,49105.16,2844.92,2655.59,1010.0,2830.0,48882.95,61291500000000.0,,1.59,781789000000.0,17.26,48.57,51.76,0.36,16.66
Ethiopia,2023,,8723120000000.0,6.59,393913000000.0,112756000000.0,25015000000000.0,354926000000.0,348.72,,67783.06,3060.91,2757.96,,3050.0,67597.16,86991900000000.0,,,943881000000.0,22.14,,54.6,,20.83
Kenya,2020,100658000000.0,10715100000000.0,-0.27,250255000000.0,84035138347.0,87330600000000.0,264084000000.0,122.7,1927.66,205201.4,4792.57,5057.4,1910.0,4760.0,203823.71,10643100000000.0,65.6,2.83,2657454000000.0,42.82,106.45,106.45,0.4,43.22
Kenya,2021,109704000000.0,12027700000000.0,7.59,284129000000.0,90413816677.0,93959400000000.0,284129000000.0,128.01,2061.36,226002.45,5338.85,5338.85,2070.0,5260.0,222852.5,11860000000000.0,67.9,2.26,2888491000000.0,42.33,109.64,109.64,0.39,42.43
Kenya,2022,114449000000.0,13489600000000.0,4.86,319179000000.0,94807911028.0,98525800000000.0,297938000000.0,136.91,2109.56,248645.72,5883.22,5491.69,2170.0,5790.0,244822.59,13282200000000.0,67.0,2.96,3124259000000.0,42.26,117.87,117.87,0.36,42.29
Kenya,2023,108039000000.0,15108800000000.0,5.56,349036000000.0,100075000000.0,104000000000000.0,314491000000.0,145.28,1952.3,273022.74,6307.23,5682.99,2110.0,6200.0,268254.76,14845000000000.0,,3.65,3413105000000.0,43.29,139.85,139.85,0.31,43.74
Madagascar,2020,13051441204.0,49435600000000.0,-7.14,43150154156.0,12245161113.0,20319100000000.0,44754297418.0,243.3,450.77,1707412.01,1490.32,1545.73,450.0,1450.0,1657192.13,47981600000000.0,,1.05,8085230000000.0,1145.67,3787.75,3787.75,0.3,1099.49
Madagascar,2021,14354731964.0,54978300000000.0,4.65,46835678114.0,12814644792.0,21264100000000.0,46835678114.0,258.55,483.47,1851677.33,1577.43,1577.43,470.0,1550.0,1818145.07,53982700000000.0,83.9,1.19,7640824000000.0,1173.86,3829.98,3829.98,0.31,1131.71
Madagascar,2022,15325603273.0,62775500000000.0,4.16,52260133351.0,13347233960.0,22147900000000.0,48782214694.0,283.44,503.51,2062454.03,1716.98,1602.71,500.0,1680.0,2012745.43,61262500000000.0,,1.44,10199780000000.0,1201.21,4096.12,4096.12,0.29,1133.36
Madagascar,2023,15869945478.0,70297200000000.0,4.2,56416214294.0,13908224365.0,23078800000000.0,50832553694.0,304.6,508.72,2253408.57,1808.45,1629.46,510.0,1770.0,2204382.43,68767800000000.0,,1.72,12596877000000.0,1246.05,4429.58,4429.58,0.28,1196.04
Malawi,2020,11769313598.0,8821420000000.0,0.79,29563756336.0,10928176722.0,7262380000000.0,32356710546.0,121.47,602.51,451595.92,1513.46,1656.44,560.0,1470.0,438966.53,8574720000000.0,,0.87,2003650000000.0,298.39,749.53,749.53,0.4,280.9
Malawi,2021,12378129751.0,9975520000000.0,4.56,33831623933.0,11426314940.0,7593420000000.0,33831623933.0,131.37,617.45,497600.32,1687.59,1687.59,600.0,1640.0,482649.39,9675800000000.0,,0.91,2359358000000.0,294.86,805.9,805.9,0.37,282.09
Malawi,2022,12429060151.0,11795700000000.0,0.92,36577488742.0,11531564449.0,7663360000000.0,34143252120.0,153.92,604.27,573475.56,1778.31,1659.96,610.0,1720.0,556197.2,11440300000000.0,,1.15,3146994000000.0,322.48,949.04,949.04,0.34,315.92
Malawi,2023,12712150082.0,14760000000000.0,1.89,38610812097.0,11749794461.0,7808390000000.0,34789398822.0,189.03,602.34,699377.78,1829.51,1648.44,600.0,1780.0,679406.67,14338500000000.0,,1.22,3943286000000.0,382.28,1161.09,1161.09,0.33,390.79
Mauritius,2020,11408106446.0,448874000000.0,-14.55,26999298653.0,11853530019.0,439662000000.0,27845555062.0,102.1,9011.04,354556.9,21326.22,21994.67,10470.0,22890.0,380513.96,481736000000.0,,21.79,146401000000.0,16.63,39.35,39.35,0.42,18.63
Mauritius,2021,11484348858.0,478807000000.0,3.4,28793361693.0,12257000315.0,454627000000.0,28793361693.0,105.32,9068.97,378104.83,22737.57,22737.57,10840.0,25280.0,420303.02,532244000000.0,,21.98,147548000000.0,16.63,41.69,41.69,0.4,18.77
Mauritius,2022,12907767790.0,570301000000.0,8.69,33527657824.0,13322509534.0,494148000000.0,31296387845.0,115.41,10223.79,451715.34,26556.08,24788.77,11620.0,29260.0,497710.54,628371000000.0,,6.37,167410000000.0,17.01,44.18,44.18,0.38,19.25
Mauritius,2023,14101195733.0,638322000000.0,5.01,36473533933.0,13989676007.0,518894000000.0,32863652680.0,123.02,11182.19,506186.56,28923.35,26060.73,12070.0,31670.0,554172.31,698834000000.0,,12.6,191021000000.0,17.5,45.27,45.27,0.39,19.79
Mozambique,2020,14235420174.0,988863000000.0,-1.22,43454882039.0,18217911540.0,958464000000.0,45132727327.0,103.17,462.43,32122.97,1411.62,1466.12,480.0,1380.0,31475.97,968946000000.0,,8.83,334810000000.0,22.76,69.47,69.47,0.33,23.39
Mozambique,2021,16168055475.0,1058440000000.0,2.38,46205728911.0,18651030678.0,981251000000.0,46205728911.0,107.87,509.91,33381.12,1457.24,1457.24,490.0,1430.0,32679.43,1036190000000.0,,44.76,339994000000.0,22.91,65.47,65.47,0.35,23.62
Mozambique,2022,18883528581.0,1205730000000.0,4.36,51660358771.0,19465045725.0,1024080000000.0,48222355191.0,117.74,578.25,36921.85,1581.94,1476.67,500.0,1460.0,34141.7,1114940000000.0,89.1,33.02,396664000000.0,23.34,63.85,63.85,0.37,24.12
Mozambique,2023,20954220984.0,1338680000000.0,5.44,56429069635.0,20523332839.0,1079750000000.0,50844136708.0,123.98,622.99,39799.96,1677.68,1511.64,540.0,1530.0,36310.41,1221310000000.0,,22.7,445500000000.0,23.72,63.89,63.89,0.37,24.82
Rwanda,2020,10174386855.0,9597280000000.0,-3.37,29854116562.0,10797494132.0,8830020000000.0,32930056262.0,108.69,778.7,734532.03,2284.9,2520.32,770.0,2230.0,717442.01,9373980000000.0,,2.85,3211170000000.0,321.47,943.28,943.28,0.34,305.23
Rwanda,2021,11078787095.0,10952800000000.0,10.86,36505744034.0,11969932692.0,9788830000000.0,36505744034.0,111.89,829.54,820108.61,2733.44,2733.44,840.0,2680.0,803371.93,10729200000000.0,,5.71,3453932000000.0,300.03,988.62,988.62,0.3,291.6
Rwanda,2022,13316161006.0,13719800000000.0,8.16,42300132774.0,12946823702.0,10587700000000.0,39485053448.0,129.58,975.47,1005034.14,3098.68,2892.46,940.0,3030.0,983911.14,13431400000000.0,62.2,2.68,4068556000000.0,324.34,1030.31,1030.31,0.31,317.75
Rwanda,2023,14331722700.0,16626200000000.0,8.25,47437550806.0,14014924102.0,11461200000000.0,42742532065.0,145.07,1027.03,1191461.34,3399.45,3063.0,1000.0,3330.0,1168170.39,16301200000000.0,,3.88,4492736000000.0,350.49,1160.1,1160.1,0.3,365.58
Seychelles,2020,1382551752.0,24355749200.0,-11.74,3057830378.0,1678615793.0,22575438500.0,2959393508.0,107.89,14041.48,247361.92,31055.94,30056.2,15400.0,29950.0,238579.35,23491000000.0,,,11377000000.0,7.97,17.62,17.62,0.45,9.4
Seychelles,2021,1487173795.0,25163758400.0,0.55,2975737695.0,1687886479.0,22700118500.0,2975737695.0,110.85,14982.91,253518.69,29979.83,29979.83,14950.0,28720.0,242892.26,24109000000.0,,,9771000000.0,8.46,16.92,16.92,0.5,9.83
Seychelles,2022,2018346589.0,28807447100.0,12.71,3593088409.0,1902424765.0,25585410000.0,3353967909.0,112.59,16836.67,240306.37,29972.88,27978.18,14700.0,29030.0,232757.03,27902447100.0,,,9016000000.0,8.02,14.27,14.27,0.56,9.34
Seychelles,2023,2187379755.0,30662932200.0,2.26,3806479822.0,1945405358.0,26163449200.0,3429742537.0,117.2,18262.71,256008.72,31780.78,28635.36,16400.0,30920.0,249062.24,29830932200.0,,,10077000000.0,8.06,14.02,14.02,0.57,8.88
Somalia,2020,8628393720.0,222278000000000.0,-2.75,24216384567.0,7710043010.0,257590000000000.0,23245952366.0,86.29,518.18,1349046.17,1454.33,1396.05,500.0,1450.0,13290205.59,221298000000000.0,,9.56,472000000.0,9178.81,25761.17,,0.36,10373.88
Somalia,2021,9483997390.0,246954000000000.0,3.46,24049850384.0,7976673871.0,264498000000000.0,24049850384.0,92.67,549.11,14298404.28,1392.46,1392.46,540.0,1390.0,14235064.16,245860000000000.0,,0.18,460000000.0,10268.42,26039.01,,0.39,10392.25
Somalia,2022,10202767270.0,273766000000000.0,2.73,26467106676.0,8194206885.0,273766000000000.0,24705717292.0,100.0,573.13,15378471.0,1486.76,1387.81,570.0,1480.0,15312150.49,272585000000000.0,,0.2,720000000.0,10343.63,26832.52,,0.39,
Somalia,2023,10968517090.0,298621000000000.0,4.22,28575608117.0,8539706139.0,285309000000000.0,25747405283.0,104.67,597.46,16266002.53,1556.52,1402.47,590.0,1550.0,16203717.71,297478000000000.0,,3.32,733000000.0,10450.22,27225.31,,0.38,
South Sudan,2020,,,,,,,,,,,,,,,,,,,30814000000.0,,161.02,165.91,,
South Sudan,2021,,,,,,,,,,,,,,,,,,,810721000000.0,126.74,190.2,306.35,0.67,158.05
South Sudan,2022,,,,,,,,,,,,,,,,,,,1186283000000.0,,422.49,534.51,,
South Sudan,2023,,,,,,,,,,,,,,,,,,,1478329000000.0,,730.83,930.33,,
Tanzania,2020,66068737786.0,151571000000000.0,1.99,194562000000.0,61565931105.0,122511000000000.0,203976000000.0,123.72,1117.42,2563514.0,3290.61,3449.82,1060.0,3230.0,2514446.75,148670000000000.0,,1.96,25356724000000.0,779.04,2294.15,2294.15,0.34,694.78
Tanzania,2021,70655628148.0,162350000000000.0,4.32,212790000000.0,64226431583.0,127805000000000.0,212790000000.0,127.03,1159.86,2665077.0,3493.08,3493.08,1130.0,3430.0,2620133.0,159612000000000.0,,2.82,28738012000000.0,762.96,2297.76,2297.76,0.33,681.85
Tanzania,2022,75769974505.0,174453000000000.0,4.57,238370000000.0,67159014151.0,133640000000000.0,222506000000.0,130.54,1207.85,2780960.75,3799.86,3546.98,1210.0,3730.0,2729809.5,171244000000000.0,,2.68,32661233000000.0,731.86,2302.4,2303.03,0.32,658.79
Tanzania,2023,79062403837.0,183334000000000.0,5.07,259466000000.0,70563656178.0,140415000000000.0,233786000000.0,134.13,1224.49,2916849.5,4018.52,3620.79,1220.0,3940.0,2861169.25,184739000000000.0,,2.89,35499690000000.0,725.85,2382.09,2383.04,0.3,656.79
Uganda,2020,37600368240.0,139689000000000.0,2.95,112575000000.0,40768765796.0,126410000000000.0,119057000000.0,110.5,845.77,3142105.12,2532.22,2678.01,820.0,2480.0,3077785.06,136830000000000.0,,1.88,30271076000000.0,1240.85,3715.1,3718.25,0.33,1315.93
Uganda,2021,40529788744.0,148310000000000.0,3.54,123267000000.0,42210585953.0,130881000000000.0,123267000000.0,113.32,882.79,3230390.84,2684.92,2684.92,860.0,2630.0,3159743.6,145067000000000.0,,1.95,33726522000000.0,1203.16,3659.29,3587.05,0.33,1315.27
Uganda,2022,45565333216.0,162750000000000.0,4.59,138114000000.0,44147216890.0,136886000000000.0,128923000000.0,118.89,963.07,3439877.28,2919.18,2724.91,930.0,2860.0,3366667.98,159286000000000.0,,2.09,33979770000000.0,1178.37,3571.79,3689.82,0.33,1305.44
Uganda,2023,48768955859.0,183004000000000.0,5.34,150720000000.0,46503341915.0,144191000000000.0,135803000000.0,126.92,1002.31,3761142.02,3097.64,2791.06,970.0,3020.0,3666392.9,178394000000000.0,,4.99,37342452000000.0,1214.2,3752.48,3726.14,0.32,1320.92
Zambia,2020,18137764931.0,332721000000.0,-2.79,60176229608.0,23418945737.0,137755000000.0,64641756629.0,241.53,951.64,17457.05,3157.3,3391.6,1120.0,3070.0,16967.18,323338000000.0,,11.61,113227000000.0,5.53,18.34,18.34,0.3,5.36
Zambia,2021,22096416932.0,442337000000.0,6.23,68672119765.0,24879098748.0,146344000000.0,68672119765.0,302.26,1127.16,22564.05,3503.03,3503.03,1040.0,3200.0,20601.54,403864000000.0,,8.54,134929000000.0,6.44,20.02,20.02,0.32,6.19
Zambia,2022,29163782140.0,493964000000.0,5.21,77401882827.0,26175604214.0,153970000000.0,72250777479.0,320.82,1447.12,24510.78,3840.72,3585.12,1160.0,3610.0,23041.98,464364000000.0,81.4,5.34,139315000000.0,6.38,16.94,16.94,0.38,6.36
Zambia,2023,27577956471.0,557406000000.0,5.37,84491503485.0,27580695690.0,162235000000.0,76129157927.0,343.58,1330.73,26896.69,4077.0,3673.48,1290.0,3880.0,25622.81,531006000000.0,,3.61,152642000000.0,6.6,20.21,20.21,0.33,6.77
Zimbabwe,2020,26868564055.0,551799700.0,-7.82,54509873680.0,19101046520.0,78275500.0,46382982069.0,704.95,1730.45,35.54,3510.68,2987.27,1690.0,3440.0,34.83,540746600.0,,3.74,76000000.0,0.01,0.02,51.33,0.49,0.01
Zimbabwe,2021,27240507842.0,1276626400.0,8.47,50310711159.0,20718530621.0,84903900.0,50310711159.0,1503.61,1724.39,80.81,3184.78,3184.78,1740.0,3110.0,78.98,1247629600.0,,2.28,238000000.0,0.03,0.05,88.55,0.54,0.03
Zimbabwe,2022,32789657378.0,4972682700.0,6.14,57206472522.0,21990477716.0,90116300.0,53399374351.0,5518.07,2040.55,309.46,3560.04,3323.12,1960.0,3480.0,302.26,4856999700.0,,1.42,1067000000.0,0.09,0.15,374.95,0.57,
Zimbabwe,2023,35231369343.0,53508663900.0,5.34,62427821460.0,23164059016.0,94925600.0,56249176341.0,56369.06,2156.03,3274.54,3820.36,3442.25,2060.0,3770.0,3234.08,52847537600.0,,3.34,10476000000.0,0.86,1.52,3509.17,0.56,
