country,year,product_group,grouping_level,export_usd_thousand,import_usd_thousand,trade_balance_usd_thousand,export_product_share_pct,import_product_share_pct,ahs_simple_average_pct,ahs_weighted_average_pct,ahs_total_tariff_lines,ahs_dutiable_tariff_lines_share_pct,ahs_duty_free_tariff_lines_share_pct,ahs_specific_tariff_lines_share_pct,ahs_ave_tariff_lines_share_pct,ahs_maxrate_pct,ahs_minrate_pct,ahs_specificduty_imports_usd_thousand,ahs_dutiable_imports_usd_thousand,ahs_duty_free_imports_usd_thousand,mfn_simple_average_pct,mfn_weighted_average_pct,mfn_total_tariff_lines,mfn_dutiable_tariff_lines_share_pct,mfn_duty_free_tariff_lines_share_pct,mfn_specific_tariff_lines_share_pct,mfn_ave_tariff_lines_share_pct,mfn_maxrate_pct,mfn_minrate_pct,mfn_specificduty_imports_usd_thousand,mfn_dutiable_imports_usd_thousand,mfn_duty_free_imports_usd_thousand
Comoros,2023,Capital goods,Broad Economic Category,9098.96,35.51,9063.449999999999,6.84,0.25,0.0,0.0,2.0,0.0,100.0,0.0,0.0,0.0,0.0,0.0,0.0,14.91,5.0,5.0,2.0,100.0,0.0,0.0,0.0,5.0,5.0,0.0,14.91,0.0
Comoros,2023,Consumer goods,Broad Economic Category,105399.64,14083.25,91316.39,79.26,97.32,2.99,4.71,66.0,69.7,30.3,0.0,0.0,5.0,0.0,0.0,125.71,7.6,7.37,5.05,66.0,98.48,1.52,0.0,0.0,100.0,0.0,0.0,133.31,0.0
Comoros,2023,Intermediate goods,Broad Economic Category,17235.24,345.72,16889.52,12.96,2.39,1.25,0.14,5.0,20.0,80.0,0.0,0.0,5.0,0.0,0.0,1.1,39.22,3.75,1.36,5.0,60.0,40.0,0.0,0.0,5.0,0.0,0.0,10.99,29.33
Comoros,2023,Raw materials,Broad Economic Category,1217.39,6.39,1211.0,0.92,0.04,0.0,0.0,1.0,0.0,100.0,0.0,0.0,0.0,0.0,0.0,0.0,0.04,5.0,5.0,1.0,100.0,0.0,0.0,0.0,5.0,5.0,0.0,0.04,0.0
Comoros,2023,Animal,Sector,1203.81,1.63,1202.1799999999998,0.91,0.01,0.0,0.0,1.0,0.0,100.0,0.0,0.0,0.0,0.0,0.0,0.0,1.63,5.0,5.0,1.0,100.0,0.0,0.0,0.0,5.0,5.0,0.0,1.63,0.0
Comoros,2023,Chemicals,Sector,2847.8,258.0,2589.8,2.14,1.78,2.5,0.31,6.0,83.33,16.67,0.0,0.0,5.0,0.0,0.0,0.16,2.44,5.0,5.0,6.0,100.0,0.0,0.0,0.0,5.0,5.0,0.0,2.61,0.0
Comoros,2023,Food Products,Sector,19477.93,0.34,19477.59,14.65,0.0,2.33,3.74,16.0,87.5,12.5,0.0,0.0,5.0,0.0,0.0,0.26,0.07,52.33,23.6,16.0,93.75,6.25,0.0,0.0,100.0,0.0,0.0,0.33,0.0
Comoros,2023,Footwear,Sector,158.57,8.47,150.1,0.12,0.06,5.0,5.0,5.0,100.0,0.0,0.0,0.0,5.0,5.0,0.0,8.47,0.0,5.0,5.0,5.0,100.0,0.0,0.0,0.0,5.0,5.0,0.0,8.47,0.0
Comoros,2023,Fuels,Sector,27662.59,2.76,27659.83,20.8,0.02,,,,,,,,,,0.0,2.76,0.0,,,,,,,,,,0.0,2.76,0.0
Comoros,2023,Hides and Skins,Sector,226.82,0.12,226.7,0.17,0.0,0.0,0.0,1.0,0.0,100.0,0.0,0.0,0.0,0.0,0.0,0.0,0.12,5.0,5.0,1.0,100.0,0.0,0.0,0.0,5.0,5.0,0.0,0.12,0.0
Comoros,2023,Mach and Elec,Sector,4965.54,35.77,4929.7699999999995,3.73,0.25,0.0,0.0,1.0,0.0,100.0,0.0,0.0,0.0,0.0,0.0,0.0,14.9,5.0,5.0,1.0,100.0,0.0,0.0,0.0,5.0,5.0,0.0,14.9,0.0
Comoros,2023,Metals,Sector,7342.11,9.82,7332.29,5.52,0.07,0.0,0.0,1.0,0.0,100.0,0.0,0.0,0.0,0.0,0.0,0.0,7.45,5.0,5.0,1.0,100.0,0.0,0.0,0.0,5.0,5.0,0.0,7.45,0.0
Comoros,2023,Minerals,Sector,,,,,,,,,,,,,,,,,,,,,,,,,,,,,
Comoros,2023,Miscellaneous,Sector,5306.05,0.51,5305.54,3.99,0.0,0.0,0.0,1.0,0.0,100.0,0.0,0.0,0.0,0.0,0.0,0.0,0.01,5.0,5.0,1.0,100.0,0.0,0.0,0.0,5.0,5.0,0.0,0.01,0.0
Comoros,2023,Plastic or Rubber,Sector,3296.4,50.03,3246.37,2.48,0.35,5.0,5.0,2.0,100.0,0.0,0.0,0.0,5.0,5.0,0.0,0.03,0.0,5.0,5.0,2.0,100.0,0.0,0.0,0.0,5.0,5.0,0.0,0.03,0.0
Comoros,2023,Stone and Glass,Sector,11579.82,37.0,11542.82,8.71,0.26,0.0,0.0,5.0,0.0,100.0,0.0,0.0,0.0,0.0,0.0,0.0,37.0,3.75,1.04,5.0,60.0,40.0,0.0,0.0,5.0,0.0,0.0,7.67,29.33
Comoros,2023,Textiles and Clothing,Sector,2386.71,77.17,2309.54,1.79,0.53,3.0,4.77,33.0,57.58,42.42,0.0,0.0,5.0,0.0,0.0,73.61,3.56,5.0,5.0,33.0,100.0,0.0,0.0,0.0,5.0,5.0,0.0,77.17,0.0
Comoros,2023,Transportation,Sector,,,,,,,,,,,,,,,,,,,,,,,,,,,,,
Comoros,2023,Vegetable,Sector,27466.5,13988.81,13477.69,20.65,96.67,3.0,0.51,7.0,71.43,28.57,0.0,0.0,5.0,0.0,0.0,1840.14,10964.67,4.67,4.79,7.0,100.0,0.0,0.0,0.0,5.0,3.0,0.0,12804.82,0.0
Comoros,2023,Wood,Sector,3901.22,0.94,3900.2799999999997,2.93,0.01,0.0,0.0,2.0,0.0,100.0,0.0,0.0,0.0,0.0,0.0,0.0,0.94,5.0,5.0,2.0,100.0,0.0,0.0,0.0,5.0,5.0,0.0,0.94,0.0
Comoros,2023,All Products,Total,132984.49,14471.38,118513.10999999999,100.0,100.0,2.55,0.53,81.0,61.73,38.27,0.0,0.0,5.0,0.0,0.0,1925.44,11032.8,6.62,4.78,81.0,96.3,3.7,0.0,0.0,100.0,0.0,0.0,12928.9,29.33
DRC Congo,2023,Capital goods,Broad Economic Category,186876.0,832.29,186043.71,27.48,0.03,3.46,0.75,52.0,17.31,80.77,1.92,0.0,5.0,0.0,160.15,202.32,77.01,3.46,0.75,52.0,17.31,80.77,1.92,0.0,5.0,0.0,160.15,202.32,77.01
DRC Congo,2023,Consumer goods,Broad Economic Category,390449.92,221.1,390228.82,57.42,0.01,6.84,3.8,72.0,66.67,31.94,1.39,0.0,40.0,0.0,2.6,11.38,14.81,7.47,3.81,72.0,68.06,30.56,1.39,0.0,40.0,0.0,2.6,11.38,14.8
DRC Congo,2023,Intermediate goods,Broad Economic Category,86435.84,2250822.79,-2164386.95,12.71,93.48,4.25,4.39,49.0,89.8,10.2,0.0,0.0,10.0,0.0,0.0,1507319.58,210964.94,4.25,4.39,49.0,89.8,10.2,0.0,0.0,10.0,0.0,0.0,1507319.58,210964.94
DRC Congo,2023,Raw materials,Broad Economic Category,8032.24,155928.44,-147896.2,1.18,6.48,1.92,0.56,16.0,50.0,50.0,0.0,0.0,5.0,0.0,0.0,25508.49,130419.96,2.12,0.56,16.0,56.25,43.75,0.0,0.0,5.0,0.0,0.0,25829.83,130098.61
DRC Congo,2023,Animal,Sector,,,,,,,,,,,,,,,,,,,,,,,,,,,,,
DRC Congo,2023,Chemicals,Sector,39173.8,1.15,39172.65,5.76,0.0,2.5,4.98,3.0,66.67,33.33,0.0,0.0,5.0,0.0,0.0,1.14,0.0,2.5,4.98,3.0,66.67,33.33,0.0,0.0,5.0,0.0,0.0,1.14,0.0
DRC Congo,2023,Food Products,Sector,32041.13,7714.36,24326.77,4.71,0.32,4.38,2.5,25.0,96.0,0.0,4.0,0.0,5.0,2.5,2.6,7714.35,0.0,4.38,2.5,25.0,96.0,0.0,4.0,0.0,5.0,2.5,2.6,7714.35,0.0
DRC Congo,2023,Footwear,Sector,5266.45,0.31,5266.139999999999,0.77,0.0,,,,,,,,,,,,,,,,,,,,,,,,
DRC Congo,2023,Fuels,Sector,,,,,,,,,,,,,,,,,,,,,,,,,,,,,
DRC Congo,2023,Hides and Skins,Sector,1797.78,0.66,1797.12,0.26,0.0,5.0,5.0,3.0,100.0,0.0,0.0,0.0,5.0,5.0,0.0,0.55,0.0,5.0,5.0,3.0,100.0,0.0,0.0,0.0,5.0,5.0,0.0,0.55,0.0
DRC Congo,2023,Mach and Elec,Sector,117465.95,888.53,116577.42,17.28,0.04,5.0,0.81,56.0,21.43,76.79,1.79,0.0,35.0,0.0,160.15,199.45,77.01,5.0,0.81,56.0,21.43,76.79,1.79,0.0,35.0,0.0,160.15,199.45,77.01
DRC Congo,2023,Metals,Sector,40166.65,2040485.19,-2000318.54,5.91,84.74,4.44,4.99,10.0,90.0,10.0,0.0,0.0,5.0,0.0,0.0,1506177.39,2506.06,4.44,4.99,10.0,90.0,10.0,0.0,0.0,5.0,0.0,0.0,1506177.39,2506.06
DRC Congo,2023,Minerals,Sector,1647.32,12737.06,-11089.74,0.24,0.53,3.75,3.32,2.0,100.0,0.0,0.0,0.0,5.0,2.5,0.0,12737.06,0.0,3.75,3.32,2.0,100.0,0.0,0.0,0.0,5.0,2.5,0.0,12737.06,0.0
DRC Congo,2023,Miscellaneous,Sector,41429.4,73.93,41355.47,6.09,0.0,5.0,5.0,2.0,100.0,0.0,0.0,0.0,5.0,5.0,0.0,0.86,0.0,5.0,5.0,2.0,100.0,0.0,0.0,0.0,5.0,5.0,0.0,0.86,0.0
DRC Congo,2023,Plastic or Rubber,Sector,53684.7,34.17,53650.53,7.9,0.0,5.0,5.0,2.0,100.0,0.0,0.0,0.0,5.0,5.0,0.0,12.37,0.0,5.0,5.0,2.0,100.0,0.0,0.0,0.0,5.0,5.0,0.0,12.37,0.0
DRC Congo,2023,Stone and Glass,Sector,36699.37,338480.32,-301780.95,5.4,14.06,2.14,0.0,8.0,37.5,62.5,0.0,0.0,5.0,0.0,0.0,337.36,338120.96,2.14,0.0,8.0,37.5,62.5,0.0,0.0,5.0,0.0,0.0,337.36,338120.96
DRC Congo,2023,Textiles and Clothing,Sector,50226.38,23.99,50202.39,7.39,0.0,12.5,29.94,11.0,90.91,9.09,0.0,0.0,40.0,0.0,0.0,0.61,0.01,15.5,30.09,11.0,100.0,0.0,0.0,0.0,40.0,5.0,0.0,0.62,0.0
DRC Congo,2023,Transportation,Sector,161948.35,21.97,161926.38,23.82,0.0,5.0,5.0,1.0,100.0,0.0,0.0,0.0,5.0,5.0,0.0,4.22,0.0,5.0,5.0,1.0,100.0,0.0,0.0,0.0,5.0,5.0,0.0,4.22,0.0
DRC Congo,2023,Vegetable,Sector,2912.9,329.53,2583.37,0.43,0.01,1.25,0.03,5.0,40.0,60.0,0.0,0.0,5.0,0.0,0.0,1.71,327.81,1.88,2.46,5.0,60.0,40.0,0.0,0.0,5.0,0.0,0.0,323.06,6.47
DRC Congo,2023,Wood,Sector,36152.16,7017.63,29134.530000000002,5.32,0.29,3.66,4.69,61.0,60.66,39.34,0.0,0.0,10.0,0.0,0.0,5854.67,444.86,3.66,4.69,61.0,60.66,39.34,0.0,0.0,10.0,0.0,0.0,5854.67,444.86
DRC Congo,2023,All Products,Total,679954.19,2407808.77,-1727854.58,100.0,100.0,4.38,4.07,189.0,57.67,41.27,1.06,0.0,40.0,0.0,162.75,1533041.76,341476.71,4.6,4.07,189.0,58.73,40.21,1.06,0.0,40.0,0.0,162.75,1533363.11,341155.36
Djibouti,2023,Capital goods,Broad Economic Category,216901.3,173.4,216727.9,8.69,0.31,1.0,1.75,60.0,15.0,85.0,0.0,0.0,5.0,0.0,0.0,59.79,111.08,3.9,3.83,60.0,48.33,51.67,0.0,0.0,5.0,0.0,0.0,132.19,38.68
Djibouti,2023,Consumer goods,Broad Economic Category,1120379.17,229.24,1120149.93,44.88,0.4,2.99,3.81,67.0,43.28,55.22,1.49,0.0,25.0,0.0,0.59,147.92,56.8,11.32,4.71,67.0,91.04,7.46,1.49,0.0,100.0,0.0,0.59,175.02,29.7
Djibouti,2023,Intermediate goods,Broad Economic Category,1116321.11,8964.19,1107356.9200000002,44.71,15.8,2.74,1.84,31.0,35.48,64.52,0.0,0.0,20.0,0.0,0.0,3340.82,5600.36,4.7,4.75,31.0,54.84,45.16,0.0,0.0,20.0,0.0,0.0,8540.61,400.58
Djibouti,2023,Raw materials,Broad Economic Category,33502.89,47367.81,-13864.919999999998,1.34,83.48,0.38,3.9,21.0,14.29,85.71,0.0,0.0,7.0,0.0,0.0,30194.83,2322.08,2.65,4.21,21.0,52.38,47.62,0.0,0.0,7.0,0.0,0.0,32192.22,324.69
Djibouti,2023,Animal,Sector,31225.21,45147.42,-13922.21,1.25,79.57,1.37,3.81,19.0,26.32,73.68,0.0,0.0,7.0,0.0,0.0,35144.01,391.36,1.99,3.82,19.0,47.37,52.63,0.0,0.0,7.0,0.0,0.0,35174.3,361.08
Djibouti,2023,Chemicals,Sector,777834.01,8430.86,769403.15,31.16,14.86,3.04,1.89,15.0,40.0,60.0,0.0,0.0,20.0,0.0,0.0,3186.11,5244.75,4.29,4.98,15.0,60.0,40.0,0.0,0.0,20.0,0.0,0.0,8384.98,45.88
Djibouti,2023,Food Products,Sector,180498.23,382.85,180115.38,7.23,0.67,2.5,0.04,11.0,81.82,18.18,0.0,0.0,5.0,0.0,0.0,2.65,375.2,27.5,0.04,11.0,90.91,9.09,0.0,0.0,100.0,0.0,0.0,2.65,375.2
Djibouti,2023,Footwear,Sector,,,,,,,,,,,,,,,,,,,,,,,,,,,,,
Djibouti,2023,Fuels,Sector,562319.39,48.4,562270.99,22.52,0.09,,,,,,,,,,0.0,48.4,0.0,,,,,,,,,,0.0,48.4,0.0
Djibouti,2023,Hides and Skins,Sector,380.73,14.45,366.28000000000003,0.02,0.03,0.0,0.0,3.0,0.0,100.0,0.0,0.0,0.0,0.0,0.0,0.0,14.45,0.0,0.0,3.0,0.0,100.0,0.0,0.0,0.0,0.0,0.0,0.0,14.45
Djibouti,2023,Mach and Elec,Sector,157607.86,124.29,157483.56999999998,6.31,0.22,1.04,2.71,53.0,20.75,79.25,0.0,0.0,5.0,0.0,0.0,105.07,89.05,4.06,4.06,53.0,52.83,47.17,0.0,0.0,5.0,0.0,0.0,158.92,35.21
Djibouti,2023,Metals,Sector,71173.04,99.58,71073.45999999999,2.85,0.18,0.63,0.05,27.0,3.7,96.3,0.0,0.0,5.0,0.0,0.0,1.08,98.5,4.69,4.99,27.0,100.0,0.0,0.0,0.0,5.0,2.5,0.0,99.58,0.0
Djibouti,2023,Minerals,Sector,5430.4,0.12,5430.28,0.22,0.0,0.0,0.0,5.0,0.0,100.0,0.0,0.0,0.0,0.0,0.0,0.0,0.12,40.0,40.0,5.0,100.0,0.0,0.0,0.0,40.0,40.0,0.0,0.12,0.0
Djibouti,2023,Miscellaneous,Sector,15312.82,21.58,15291.24,0.61,0.04,8.33,12.51,10.0,10.0,90.0,0.0,0.0,25.0,0.0,0.0,3.53,3.53,10.0,12.55,10.0,40.0,60.0,0.0,0.0,25.0,0.0,0.0,3.59,3.48
Djibouti,2023,Plastic or Rubber,Sector,160942.32,98.39,160843.93,6.45,0.17,0.0,0.0,6.0,0.0,83.33,16.67,0.0,0.0,0.0,0.59,0.59,26.57,5.0,5.0,6.0,83.33,0.0,16.67,0.0,5.0,5.0,0.59,27.17,0.0
Djibouti,2023,Stone and Glass,Sector,8660.75,1.0,8659.75,0.35,0.0,,,,,,,,,,,,,,,,,,,,,,,,
Djibouti,2023,Textiles and Clothing,Sector,34405.45,2.6,34402.85,1.38,0.0,2.5,4.79,2.0,50.0,50.0,0.0,0.0,5.0,0.0,0.0,2.34,0.1,5.0,5.0,2.0,100.0,0.0,0.0,0.0,5.0,5.0,0.0,2.44,0.0
Djibouti,2023,Transportation,Sector,221293.92,25.25,221268.67,8.86,0.04,5.0,5.0,1.0,100.0,0.0,0.0,0.0,5.0,5.0,0.0,25.25,0.0,5.0,5.0,1.0,100.0,0.0,0.0,0.0,5.0,5.0,0.0,25.25,0.0
Djibouti,2023,Vegetable,Sector,252857.82,2340.25,250517.57,10.13,4.12,1.62,0.37,23.0,34.78,65.22,0.0,0.0,20.0,0.0,0.0,242.6,2017.64,2.33,4.54,23.0,39.13,60.87,0.0,0.0,20.0,0.0,0.0,2130.92,129.33
Djibouti,2023,Wood,Sector,13079.19,2.77,13076.42,0.52,0.0,6.25,6.25,12.0,100.0,0.0,0.0,0.0,20.0,5.0,0.0,0.61,0.0,6.25,6.25,12.0,100.0,0.0,0.0,0.0,20.0,5.0,0.0,0.61,0.0
Djibouti,2023,All Products,Total,2496654.38,56739.81,2439914.57,100.0,100.0,1.84,3.26,187.0,29.41,70.05,0.53,0.0,25.0,0.0,0.59,38762.25,8261.29,5.79,4.03,187.0,64.71,34.76,0.53,0.0,100.0,0.0,0.59,46058.92,964.62
Eritrea,2023,Capital goods,Broad Economic Category,24357.66,90.61,24267.05,19.41,0.07,4.96,3.69,35.0,57.14,42.86,0.0,0.0,40.0,0.0,0.0,63.08,20.34,4.96,3.69,35.0,57.14,42.86,0.0,0.0,40.0,0.0,0.0,63.08,20.34
Eritrea,2023,Consumer goods,Broad Economic Category,81095.17,432.29,80662.88,64.64,0.31,6.31,8.51,76.0,96.05,1.32,2.63,0.0,40.0,0.0,277.94,370.1,0.0,6.31,8.51,76.0,96.05,1.32,2.63,0.0,40.0,0.0,277.94,370.1,0.0
Eritrea,2023,Intermediate goods,Broad Economic Category,18342.02,136989.05,-118647.02999999998,14.62,99.61,3.66,0.0,15.0,73.33,26.67,0.0,0.0,17.5,0.0,0.0,0.0,136755.95,3.66,0.0,15.0,73.33,26.67,0.0,0.0,17.5,0.0,0.0,0.0,136755.95
Eritrea,2023,Raw materials,Broad Economic Category,1373.15,19.52,1353.63,1.09,0.01,2.5,2.5,6.0,50.0,50.0,0.0,0.0,5.0,0.0,0.0,19.38,0.0,2.5,2.5,6.0,50.0,50.0,0.0,0.0,5.0,0.0,0.0,19.38,0.0
Eritrea,2023,Animal,Sector,803.69,19.38,784.3100000000001,0.64,0.01,2.5,2.5,6.0,50.0,50.0,0.0,0.0,5.0,0.0,0.0,19.38,0.0,2.5,2.5,6.0,50.0,50.0,0.0,0.0,5.0,0.0,0.0,19.38,0.0
Eritrea,2023,Chemicals,Sector,2662.47,1.39,2661.08,2.12,0.0,5.0,5.0,4.0,100.0,0.0,0.0,0.0,5.0,5.0,0.0,0.53,0.0,5.0,5.0,4.0,100.0,0.0,0.0,0.0,5.0,5.0,0.0,0.53,0.0
Eritrea,2023,Food Products,Sector,40067.79,335.99,39731.8,31.94,0.24,,,2.0,0.0,0.0,100.0,0.0,,,277.94,277.94,0.0,,,2.0,0.0,0.0,100.0,0.0,,,277.94,277.94,0.0
Eritrea,2023,Footwear,Sector,,,,,,,,,,,,,,,,,,,,,,,,,,,,,
Eritrea,2023,Fuels,Sector,,,,,,,,,,,,,,,,,,,,,,,,,,,,,
Eritrea,2023,Hides and Skins,Sector,63.25,0.0,63.25,0.05,0.0,2.5,2.5,4.0,100.0,0.0,0.0,0.0,2.5,2.5,0.0,0.0,0.0,2.5,2.5,4.0,100.0,0.0,0.0,0.0,2.5,2.5,0.0,0.0,0.0
Eritrea,2023,Mach and Elec,Sector,20910.47,78.56,20831.91,16.67,0.06,5.14,3.71,31.0,54.84,45.16,0.0,0.0,40.0,0.0,0.0,58.23,20.34,5.14,3.71,31.0,54.84,45.16,0.0,0.0,40.0,0.0,0.0,58.23,20.34
Eritrea,2023,Metals,Sector,7058.51,2.98,7055.530000000001,5.63,0.0,5.0,5.0,17.0,100.0,0.0,0.0,0.0,5.0,5.0,0.0,2.98,0.0,5.0,5.0,17.0,100.0,0.0,0.0,0.0,5.0,5.0,0.0,2.98,0.0
Eritrea,2023,Minerals,Sector,,,,,,,,,,,,,,,,,,,,,,,,,,,,,
Eritrea,2023,Miscellaneous,Sector,11750.71,12.41,11738.3,9.37,0.01,3.33,3.33,3.0,66.67,33.33,0.0,0.0,5.0,0.0,0.0,4.73,0.0,3.33,3.33,3.0,66.67,33.33,0.0,0.0,5.0,0.0,0.0,4.73,0.0
Eritrea,2023,Plastic or Rubber,Sector,6757.14,0.24,6756.900000000001,5.39,0.0,8.57,6.81,29.0,96.55,3.45,0.0,0.0,20.0,0.0,0.0,0.24,0.0,8.57,6.81,29.0,96.55,3.45,0.0,0.0,20.0,0.0,0.0,0.24,0.0
Eritrea,2023,Stone and Glass,Sector,14652.35,136756.13,-122103.78,11.68,99.44,1.67,0.0,5.0,20.0,80.0,0.0,0.0,5.0,0.0,0.0,0.18,136755.95,1.67,0.0,5.0,20.0,80.0,0.0,0.0,5.0,0.0,0.0,0.18,136755.95
Eritrea,2023,Textiles and Clothing,Sector,636.41,91.7,544.7099999999999,0.51,0.07,6.21,8.65,30.0,100.0,0.0,0.0,0.0,40.0,5.0,0.0,88.41,0.0,6.21,8.65,30.0,100.0,0.0,0.0,0.0,40.0,5.0,0.0,88.41,0.0
Eritrea,2023,Transportation,Sector,5617.79,0.12,5617.67,4.48,0.0,5.0,5.0,1.0,100.0,0.0,0.0,0.0,5.0,5.0,0.0,0.12,0.0,5.0,5.0,1.0,100.0,0.0,0.0,0.0,5.0,5.0,0.0,0.12,0.0
Eritrea,2023,Vegetable,Sector,3261.34,233.25,3028.09,2.6,0.17,0.0,0.0,5.0,0.0,100.0,0.0,0.0,0.0,0.0,0.0,0.0,0.14,0.0,0.0,5.0,0.0,100.0,0.0,0.0,0.0,0.0,0.0,0.0,0.14
Eritrea,2023,Wood,Sector,1631.37,0.0,1631.37,1.3,0.0,5.0,5.0,2.0,100.0,0.0,0.0,0.0,5.0,5.0,0.0,0.0,0.0,5.0,5.0,2.0,100.0,0.0,0.0,0.0,5.0,5.0,0.0,0.0,0.0
Eritrea,2023,All Products,Total,125462.06,137532.16,-12070.100000000006,100.0,100.0,5.6,0.01,139.0,78.42,20.14,1.44,0.0,40.0,0.0,277.94,452.75,136776.43,5.6,0.01,139.0,78.42,20.14,1.44,0.0,40.0,0.0,277.94,452.75,136776.43
Kenya,2023,Capital goods,Broad Economic Category,506885.17,2839.34,504045.82999999996,13.47,0.14,3.29,4.44,221.0,43.89,53.85,2.26,0.0,35.0,0.0,2.06,1065.47,124.0,3.37,4.48,221.0,46.15,51.58,2.26,0.0,35.0,0.0,2.06,1077.01,112.45
Kenya,2023,Consumer goods,Broad Economic Category,2075100.66,1042327.83,1032772.83,55.14,52.47,5.96,8.12,1379.0,86.22,12.76,1.02,0.0,100.0,0.0,1491.79,605011.54,141032.59,6.39,8.12,1379.0,91.52,6.31,1.23,0.94,100.0,0.0,1493.65,605222.87,140821.26
Kenya,2023,Intermediate goods,Broad Economic Category,1086264.97,594526.63,491738.33999999997,28.86,29.93,3.92,0.04,176.0,80.11,17.61,2.27,0.0,20.0,0.0,253.49,5821.05,573213.87,3.92,0.04,176.0,80.11,17.61,2.27,0.0,20.0,0.0,253.49,5821.05,573213.87
Kenya,2023,Raw materials,Broad Economic Category,58164.7,346561.11,-288396.41,1.55,17.44,2.65,1.66,697.0,45.77,50.36,3.87,0.0,100.0,0.0,2654.04,154875.89,164058.36,2.67,1.66,697.0,45.91,50.22,3.87,0.0,100.0,0.0,2654.04,154897.3,164036.95
Kenya,2023,Animal,Sector,38973.74,160628.37,-121654.63,1.04,8.09,1.81,1.52,155.0,30.32,63.23,6.45,0.0,10.0,0.0,746.58,97055.47,61309.03,1.81,1.52,155.0,30.32,63.23,6.45,0.0,10.0,0.0,746.58,97055.47,61309.03
Kenya,2023,Chemicals,Sector,324133.8,5857.77,318276.02999999997,8.61,0.29,3.83,4.66,101.0,91.09,8.91,0.0,0.0,5.0,0.0,0.0,4133.31,301.29,4.05,4.85,101.0,92.08,7.92,0.0,0.0,6.5,0.0,0.0,4261.64,172.96
Kenya,2023,Food Products,Sector,432301.24,39748.44,392552.8,11.49,2.0,10.47,6.56,340.0,81.18,14.71,4.12,0.0,100.0,0.0,1491.79,35945.15,71.05,11.53,6.6,340.0,89.12,2.06,5.0,3.82,100.0,0.0,1493.65,36016.2,0.0
Kenya,2023,Footwear,Sector,3188.51,246.11,2942.4,0.08,0.01,4.05,5.01,40.0,60.0,40.0,0.0,0.0,10.0,0.0,0.0,201.42,0.37,5.54,5.02,40.0,100.0,0.0,0.0,0.0,17.0,2.2,0.0,201.78,0.0
Kenya,2023,Fuels,Sector,1145056.42,136.9,1144919.52,30.43,0.01,,,,,,,,,,0.0,0.11,0.0,,,,,,,,,,0.0,0.11,0.0
Kenya,2023,Hides and Skins,Sector,1560.2,1562.24,-2.0399999999999636,0.04,0.08,7.27,0.42,69.0,86.96,13.04,0.0,0.0,40.0,0.0,0.0,115.33,1409.92,7.57,0.43,69.0,91.3,8.7,0.0,0.0,40.0,0.0,0.0,116.94,1408.32
Kenya,2023,Mach and Elec,Sector,474294.14,2569.7,471724.44,12.6,0.13,2.94,4.36,167.0,26.35,70.66,2.99,0.0,35.0,0.0,2.06,839.41,140.37,2.94,4.36,167.0,26.35,70.66,2.99,0.0,35.0,0.0,2.06,839.41,140.37
Kenya,2023,Metals,Sector,232330.64,842.91,231487.73,6.17,0.04,6.34,8.64,96.0,100.0,0.0,0.0,0.0,30.0,5.0,0.0,799.41,0.0,6.34,8.64,96.0,100.0,0.0,0.0,0.0,30.0,5.0,0.0,799.41,0.0
Kenya,2023,Minerals,Sector,36929.71,348.21,36581.5,0.98,0.02,5.0,5.0,47.0,100.0,0.0,0.0,0.0,5.0,5.0,0.0,235.21,0.0,5.0,5.0,47.0,100.0,0.0,0.0,0.0,5.0,5.0,0.0,235.21,0.0
Kenya,2023,Miscellaneous,Sector,52498.16,637.25,51860.91,1.39,0.03,5.32,5.19,139.0,84.17,15.83,0.0,0.0,40.0,0.0,0.0,374.7,6.15,5.32,5.19,139.0,84.17,15.83,0.0,0.0,40.0,0.0,0.0,374.7,6.15
Kenya,2023,Plastic or Rubber,Sector,349774.24,1495.69,348278.55,9.29,0.08,5.28,9.98,112.0,89.29,10.71,0.0,0.0,20.0,0.0,0.0,825.83,285.6,5.8,9.99,112.0,92.86,7.14,0.0,0.0,20.0,0.0,0.0,827.37,284.06
Kenya,2023,Stone and Glass,Sector,113230.03,570242.22,-457012.18999999994,3.01,28.7,4.32,0.0,89.0,91.01,8.99,0.0,0.0,5.0,0.0,0.0,250.79,569991.34,4.51,0.0,89.0,93.26,6.74,0.0,0.0,5.0,0.0,0.0,252.8,569989.33
Kenya,2023,Textiles and Clothing,Sector,121006.53,9610.74,111395.79,3.22,0.48,5.15,3.93,379.0,95.78,4.22,0.0,0.0,40.0,0.0,0.0,8887.67,51.54,5.48,3.93,379.0,99.47,0.53,0.0,0.0,40.0,0.0,0.0,8891.36,47.85
Kenya,2023,Transportation,Sector,101883.02,516.24,101366.78,2.71,0.03,4.23,4.68,30.0,83.33,16.67,0.0,0.0,5.0,0.0,0.0,170.18,11.54,4.8,4.92,30.0,100.0,0.0,0.0,0.0,5.0,3.0,0.0,181.72,0.0
Kenya,2023,Vegetable,Sector,247427.56,1181981.04,-934553.48,6.57,59.5,3.29,6.98,757.0,47.82,49.41,2.77,0.0,40.0,0.0,2160.96,617869.78,250132.16,3.41,6.98,757.0,49.54,47.69,2.77,0.0,40.0,0.0,2160.96,617895.33,250106.62
Kenya,2023,Wood,Sector,88892.65,10215.67,78676.98,2.36,0.51,7.64,5.04,100.0,92.0,8.0,0.0,0.0,40.0,0.0,0.0,1258.24,16.38,7.64,5.04,100.0,92.0,8.0,0.0,0.0,40.0,0.0,0.0,1258.24,16.38
Kenya,2023,All Products,Total,3763480.59,1986639.48,1776841.1099999999,100.0,100.0,4.54,4.01,2621.0,69.67,28.42,1.91,0.0,100.0,0.0,4401.38,768962.02,883726.75,4.79,4.01,2621.0,72.91,24.57,2.02,0.5,100.0,0.0,4403.24,769207.69,883481.08
Madagascar,2023,Capital goods,Broad Economic Category,42983.74,232.96,42750.78,5.13,0.16,4.46,2.31,50.0,62.0,36.0,2.0,0.0,35.0,0.0,0.34,90.29,106.68,4.46,2.31,50.0,62.0,36.0,2.0,0.0,35.0,0.0,0.34,90.29,106.68
Madagascar,2023,Consumer goods,Broad Economic Category,616827.16,46686.39,570140.77,73.59,32.89,8.89,5.48,1567.0,95.66,3.83,0.51,0.0,40.0,0.0,33.8,17866.58,180.92,9.14,5.51,1567.0,98.6,1.21,0.19,0.0,40.0,0.0,33.74,18001.59,45.92
Madagascar,2023,Intermediate goods,Broad Economic Category,131973.44,91367.14,40606.3,15.75,64.36,5.78,0.83,138.0,89.86,10.14,0.0,0.0,40.0,0.0,0.0,15942.82,71579.69,5.78,0.83,138.0,89.86,10.14,0.0,0.0,40.0,0.0,0.0,15942.82,71579.69
Madagascar,2023,Raw materials,Broad Economic Category,41154.06,3570.71,37583.35,4.91,2.52,5.93,2.06,136.0,63.24,31.62,5.15,0.0,40.0,0.0,2.64,3074.95,2653.03,6.02,2.07,136.0,69.12,25.74,5.15,0.0,40.0,0.0,2.64,3075.87,2652.11
Madagascar,2023,Animal,Sector,1124.27,301.93,822.3399999999999,0.13,0.21,11.67,1.05,11.0,72.73,27.27,0.0,0.0,40.0,0.0,0.0,32.91,255.67,12.5,1.13,11.0,81.82,18.18,0.0,0.0,40.0,0.0,0.0,32.91,255.67
Madagascar,2023,Chemicals,Sector,34547.68,2336.48,32211.2,4.12,1.65,7.33,0.29,71.0,98.59,1.41,0.0,0.0,40.0,0.0,0.0,69.41,2194.58,7.33,0.29,71.0,98.59,1.41,0.0,0.0,40.0,0.0,0.0,69.41,2194.58
Madagascar,2023,Food Products,Sector,12545.03,1491.54,11053.490000000002,1.5,1.05,9.27,5.38,273.0,96.7,2.2,1.1,0.0,40.0,0.0,33.74,647.9,0.97,9.33,5.39,273.0,97.07,1.83,1.1,0.0,40.0,0.0,33.74,648.81,0.06
Madagascar,2023,Footwear,Sector,26.4,243.21,-216.81,0.0,0.17,8.23,6.72,75.0,100.0,0.0,0.0,0.0,40.0,5.0,0.0,233.25,0.0,8.23,6.72,75.0,100.0,0.0,0.0,0.0,40.0,5.0,0.0,233.25,0.0
Madagascar,2023,Fuels,Sector,,,,,,,,,,,,,,,,,,,,,,,,,,,,,
Madagascar,2023,Hides and Skins,Sector,77.98,626.97,-548.99,0.01,0.44,8.41,5.91,97.0,100.0,0.0,0.0,0.0,40.0,5.0,0.0,581.82,0.0,8.41,5.91,97.0,100.0,0.0,0.0,0.0,40.0,5.0,0.0,581.82,0.0
Madagascar,2023,Mach and Elec,Sector,35901.06,15.35,35885.71,4.28,0.01,3.11,3.77,28.0,42.86,57.14,0.0,0.0,5.0,0.0,0.0,8.12,2.48,3.11,3.77,28.0,42.86,57.14,0.0,0.0,5.0,0.0,0.0,8.12,2.48
Madagascar,2023,Metals,Sector,9480.89,23.07,9457.82,1.13,0.02,6.33,8.08,32.0,100.0,0.0,0.0,0.0,15.0,5.0,0.0,12.86,0.0,6.33,8.08,32.0,100.0,0.0,0.0,0.0,15.0,5.0,0.0,12.86,0.0
Madagascar,2023,Minerals,Sector,71743.5,144.45,71599.05,8.56,0.1,5.0,4.89,30.0,96.67,3.33,0.0,0.0,15.0,0.0,0.0,122.68,6.82,5.0,4.89,30.0,96.67,3.33,0.0,0.0,15.0,0.0,0.0,122.68,6.82
Madagascar,2023,Miscellaneous,Sector,4600.9,480.19,4120.71,0.55,0.34,5.97,3.27,163.0,93.87,6.13,0.0,0.0,40.0,0.0,0.0,209.51,105.98,5.97,3.27,163.0,93.87,6.13,0.0,0.0,40.0,0.0,0.0,209.51,105.98
Madagascar,2023,Plastic or Rubber,Sector,18246.67,16.73,18229.94,2.18,0.01,5.06,5.12,44.0,93.18,0.0,6.82,0.0,6.5,5.0,0.0,8.02,0.0,5.27,5.12,44.0,100.0,0.0,0.0,0.0,6.5,5.0,0.0,8.02,0.0
Madagascar,2023,Stone and Glass,Sector,12374.85,79431.81,-67056.95999999999,1.48,55.95,5.83,0.63,45.0,88.89,11.11,0.0,0.0,40.0,0.0,0.0,10018.24,69366.23,5.83,0.63,45.0,88.89,11.11,0.0,0.0,40.0,0.0,0.0,10018.24,69366.23
Madagascar,2023,Textiles and Clothing,Sector,28815.18,14578.65,14236.53,3.44,10.27,9.46,5.36,787.0,96.44,3.56,0.0,0.0,40.0,0.0,0.0,12945.09,113.33,9.73,5.37,787.0,99.62,0.38,0.0,0.0,40.0,0.0,0.0,12953.69,104.72
Madagascar,2023,Transportation,Sector,13899.73,5.46,13894.27,1.66,0.0,5.0,5.0,14.0,92.86,0.0,7.14,0.0,5.0,5.0,0.34,3.48,0.0,5.0,5.0,14.0,92.86,0.0,7.14,0.0,5.0,5.0,0.34,3.48,0.0
Madagascar,2023,Vegetable,Sector,118964.84,41379.52,77585.32,14.19,29.15,4.32,4.49,224.0,61.61,35.27,3.13,0.0,40.0,0.0,2.64,35262.58,3303.9,5.16,4.54,224.0,75.0,21.88,3.13,0.0,40.0,0.0,2.64,35886.06,2680.43
Madagascar,2023,Wood,Sector,16637.34,882.02,15755.32,1.99,0.62,9.86,6.03,97.0,96.91,1.03,2.06,0.0,40.0,0.0,0.05,835.2,0.0,9.6,6.03,97.0,98.97,1.03,0.0,0.0,40.0,0.0,0.0,835.2,0.0
Madagascar,2023,All Products,Total,838157.13,141957.38,696199.75,100.0,100.0,8.21,2.27,1991.0,91.66,7.53,0.8,0.0,40.0,0.0,36.78,60991.07,75349.97,8.48,2.29,1991.0,94.78,4.67,0.55,0.0,40.0,0.0,36.72,61624.07,74716.97
Mauritius,2023,Capital goods,Broad Economic Category,47913.92,1748.38,46165.54,8.11,4.93,3.64,4.56,129.0,62.02,37.98,0.0,0.0,30.0,0.0,0.0,720.09,56.53,3.64,4.56,129.0,62.02,37.98,0.0,0.0,30.0,0.0,0.0,720.09,56.53
Mauritius,2023,Consumer goods,Broad Economic Category,463749.71,21525.17,442224.54000000004,78.5,60.67,8.38,5.98,1612.0,90.26,9.24,0.5,0.0,60.0,0.0,59.7,12790.18,7309.42,8.72,14.35,1612.0,94.29,5.09,0.5,0.12,60.12,0.0,59.7,16470.23,3629.36
Mauritius,2023,Intermediate goods,Broad Economic Category,63463.24,6568.42,56894.82,10.74,18.51,6.73,1.95,125.0,85.6,14.4,0.0,0.0,40.0,0.0,0.0,664.6,1509.09,7.49,5.55,125.0,88.0,10.4,0.0,1.6,54.29,0.0,0.0,824.09,1349.6
Mauritius,2023,Raw materials,Broad Economic Category,12071.9,5557.31,6514.589999999999,2.04,15.66,3.09,2.38,63.0,25.4,68.25,6.35,0.0,35.0,0.0,980.52,1100.47,1355.34,3.09,2.38,63.0,25.4,68.25,6.35,0.0,35.0,0.0,980.52,1100.47,1355.34
Mauritius,2023,Animal,Sector,13098.28,3111.76,9986.52,2.22,8.77,1.67,4.49,31.0,3.23,96.77,0.0,0.0,5.0,0.0,0.0,10.11,1.15,1.67,4.49,31.0,3.23,96.77,0.0,0.0,5.0,0.0,0.0,10.11,1.15
Mauritius,2023,Chemicals,Sector,18138.05,201.66,17936.39,3.07,0.57,5.9,3.99,39.0,87.18,12.82,0.0,0.0,40.0,0.0,0.0,96.83,21.73,5.9,3.99,39.0,87.18,12.82,0.0,0.0,40.0,0.0,0.0,96.83,21.73
Mauritius,2023,Food Products,Sector,17672.04,15806.05,1865.9900000000016,2.99,44.55,4.53,0.98,211.0,55.92,40.28,3.79,0.0,60.0,0.0,59.7,2544.15,10430.57,9.18,14.74,211.0,60.66,31.75,3.79,3.79,79.01,0.0,59.7,6416.02,6558.69
Mauritius,2023,Footwear,Sector,3551.75,217.74,3334.01,0.6,0.61,11.79,21.79,135.0,88.89,11.11,0.0,0.0,30.0,0.0,0.0,645.16,0.28,12.45,21.8,135.0,99.26,0.74,0.0,0.0,30.0,0.0,0.0,645.45,0.0
Mauritius,2023,Fuels,Sector,350401.55,52.52,350349.02999999997,59.31,0.15,,,,,,,,,,0.0,52.52,0.0,,,,,,,,,,0.0,52.52,0.0
Mauritius,2023,Hides and Skins,Sector,651.66,534.07,117.58999999999992,0.11,1.51,9.26,11.35,108.0,98.15,1.85,0.0,0.0,40.0,0.0,0.0,686.81,0.05,9.36,11.35,108.0,100.0,0.0,0.0,0.0,40.0,2.5,0.0,686.86,0.0
Mauritius,2023,Mach and Elec,Sector,53021.54,536.1,52485.44,8.97,1.51,4.93,8.97,81.0,55.56,44.44,0.0,0.0,30.0,0.0,0.0,92.03,15.06,4.93,8.97,81.0,55.56,44.44,0.0,0.0,30.0,0.0,0.0,92.03,15.06
Mauritius,2023,Metals,Sector,23240.84,424.28,22816.56,3.93,1.2,5.65,2.53,113.0,89.38,10.62,0.0,0.0,35.0,0.0,0.0,187.33,237.68,5.75,2.54,113.0,96.46,3.54,0.0,0.0,35.0,0.0,0.0,187.39,237.62
Mauritius,2023,Minerals,Sector,11850.54,2.79,11847.75,2.01,0.01,5.0,5.0,5.0,100.0,0.0,0.0,0.0,5.0,5.0,0.0,2.79,0.0,5.0,5.0,5.0,100.0,0.0,0.0,0.0,5.0,5.0,0.0,2.79,0.0
Mauritius,2023,Miscellaneous,Sector,9393.73,3067.95,6325.78,1.59,8.65,9.96,10.07,310.0,84.84,15.16,0.0,0.0,40.0,0.0,0.0,2921.24,43.74,10.03,10.07,310.0,89.35,10.65,0.0,0.0,40.0,0.0,0.0,2921.39,43.59
Mauritius,2023,Plastic or Rubber,Sector,16647.84,267.42,16380.42,2.82,0.75,5.75,6.41,134.0,97.76,2.24,0.0,0.0,30.0,0.0,0.0,291.45,0.05,5.91,6.41,134.0,100.0,0.0,0.0,0.0,30.0,2.5,0.0,291.51,0.0
Mauritius,2023,Stone and Glass,Sector,14735.22,1293.41,13441.81,2.49,3.65,3.59,0.13,45.0,82.22,17.78,0.0,0.0,5.0,0.0,0.0,33.2,1254.71,4.25,0.13,45.0,91.11,8.89,0.0,0.0,5.0,0.0,0.0,33.53,1254.38
Mauritius,2023,Textiles and Clothing,Sector,7160.84,7216.18,-55.340000000000146,1.21,20.34,8.16,8.61,663.0,98.04,1.96,0.0,0.0,40.0,0.0,0.0,6349.27,7.22,8.38,8.63,663.0,100.0,0.0,0.0,0.0,40.0,5.0,0.0,6356.49,0.0
Mauritius,2023,Transportation,Sector,10503.69,73.55,10430.140000000001,1.78,0.21,11.25,21.35,21.0,100.0,0.0,0.0,0.0,30.0,5.0,0.0,187.09,0.0,11.25,21.35,21.0,100.0,0.0,0.0,0.0,30.0,5.0,0.0,187.09,0.0
Mauritius,2023,Vegetable,Sector,29733.56,2287.87,27445.690000000002,5.03,6.45,2.27,2.5,24.0,45.83,37.5,16.67,0.0,5.0,0.0,980.52,1117.43,1116.58,2.27,2.5,24.0,45.83,37.5,16.67,0.0,5.0,0.0,980.52,1117.43,1116.58
Mauritius,2023,Wood,Sector,10977.52,384.51,10593.01,1.86,1.08,6.42,5.95,87.0,80.46,19.54,0.0,0.0,40.0,0.0,0.0,319.48,0.97,6.42,5.95,87.0,80.46,19.54,0.0,0.0,40.0,0.0,0.0,319.48,0.97
Mauritius,2023,All Products,Total,590778.66,35477.86,555300.8,100.0,100.0,7.81,4.73,2007.0,85.35,14.05,0.6,0.0,60.0,0.0,1040.23,15536.92,13129.79,8.27,10.96,2007.0,88.74,10.26,0.6,0.4,79.01,0.0,1040.23,19416.94,9249.77
Mozambique,2023,Capital goods,Broad Economic Category,64280.05,876.96,63403.090000000004,5.66,0.11,2.97,4.97,45.0,35.56,64.44,0.0,0.0,5.0,0.0,0.0,817.96,5.52,2.97,4.97,45.0,35.56,64.44,0.0,0.0,5.0,0.0,0.0,817.96,5.52
Mozambique,2023,Consumer goods,Broad Economic Category,679415.66,1009.16,678406.5,59.84,0.13,11.32,3.66,48.0,91.67,8.33,0.0,0.0,100.0,0.0,0.0,670.63,303.02,11.45,4.39,48.0,93.75,6.25,0.0,0.0,100.0,0.0,0.0,942.09,31.56
Mozambique,2023,Intermediate goods,Broad Economic Category,245931.09,540457.11,-294526.02,21.66,69.75,5.31,0.5,19.0,84.21,15.79,0.0,0.0,17.5,0.0,0.0,58561.34,481266.69,5.31,0.5,19.0,84.21,15.79,0.0,0.0,17.5,0.0,0.0,58561.34,481266.69
Mozambique,2023,Raw materials,Broad Economic Category,143463.98,232515.2,-89051.22,12.64,30.01,6.83,4.78,87.0,62.07,37.93,0.0,0.0,100.0,0.0,0.0,205662.28,3476.66,7.63,4.86,87.0,64.37,35.63,0.0,0.0,100.0,0.0,0.0,206585.67,2553.28
Mozambique,2023,Animal,Sector,132952.83,15.64,132937.18999999997,11.71,0.0,0.0,0.0,4.0,0.0,100.0,0.0,0.0,0.0,0.0,0.0,0.0,14.51,0.0,0.0,4.0,0.0,100.0,0.0,0.0,0.0,0.0,0.0,0.0,14.51
Mozambique,2023,Chemicals,Sector,89726.17,81.32,89644.84999999999,7.9,0.01,5.0,5.0,1.0,100.0,0.0,0.0,0.0,5.0,5.0,0.0,75.2,0.0,5.0,5.0,1.0,100.0,0.0,0.0,0.0,5.0,5.0,0.0,75.2,0.0
Mozambique,2023,Food Products,Sector,18006.34,3663.84,14342.5,1.59,0.47,24.88,12.76,18.0,88.89,11.11,0.0,0.0,100.0,0.0,0.0,2721.02,923.39,27.58,17.2,18.0,100.0,0.0,0.0,0.0,100.0,1.5,0.0,3644.4,0.0
Mozambique,2023,Footwear,Sector,248.85,0.01,248.84,0.02,0.0,5.0,5.0,1.0,100.0,0.0,0.0,0.0,5.0,5.0,0.0,0.01,0.0,5.0,5.0,1.0,100.0,0.0,0.0,0.0,5.0,5.0,0.0,0.01,0.0
Mozambique,2023,Fuels,Sector,544863.51,124191.8,420671.71,47.99,16.03,4.36,4.5,19.0,100.0,0.0,0.0,0.0,5.0,2.5,0.0,124191.81,0.0,4.36,4.5,19.0,100.0,0.0,0.0,0.0,5.0,2.5,0.0,124191.81,0.0
Mozambique,2023,Hides and Skins,Sector,152.08,0.09,151.99,0.01,0.0,5.0,5.0,1.0,100.0,0.0,0.0,0.0,5.0,5.0,0.0,0.09,0.0,5.0,5.0,1.0,100.0,0.0,0.0,0.0,5.0,5.0,0.0,0.09,0.0
Mozambique,2023,Mach and Elec,Sector,48576.5,861.98,47714.52,4.28,0.11,2.0,4.97,36.0,19.44,80.56,0.0,0.0,5.0,0.0,0.0,812.35,5.52,2.0,4.97,36.0,19.44,80.56,0.0,0.0,5.0,0.0,0.0,812.35,5.52
Mozambique,2023,Metals,Sector,26875.01,24286.4,2588.609999999997,2.37,3.13,4.83,4.99,41.0,90.24,9.76,0.0,0.0,35.0,0.0,0.0,23938.39,109.89,4.83,4.99,41.0,90.24,9.76,0.0,0.0,35.0,0.0,0.0,23938.39,109.89
Mozambique,2023,Minerals,Sector,46706.5,75401.97,-28695.47,4.11,9.73,8.92,5.0,9.0,100.0,0.0,0.0,0.0,17.5,5.0,0.0,74688.66,0.0,8.92,5.0,9.0,100.0,0.0,0.0,0.0,17.5,5.0,0.0,74688.66,0.0
Mozambique,2023,Miscellaneous,Sector,6931.51,53.7,6877.81,0.61,0.01,9.5,22.28,7.0,100.0,0.0,0.0,0.0,30.0,2.5,0.0,11.56,0.0,9.5,22.28,7.0,100.0,0.0,0.0,0.0,30.0,2.5,0.0,11.56,0.0
Mozambique,2023,Plastic or Rubber,Sector,63213.88,4.07,63209.81,5.57,0.0,5.0,5.0,1.0,100.0,0.0,0.0,0.0,5.0,5.0,0.0,4.02,0.0,5.0,5.0,1.0,100.0,0.0,0.0,0.0,5.0,5.0,0.0,4.02,0.0
Mozambique,2023,Stone and Glass,Sector,40250.44,505966.97,-465716.52999999997,3.54,65.29,6.43,0.24,9.0,77.78,22.22,0.0,0.0,20.0,0.0,0.0,24497.71,481266.69,6.43,0.24,9.0,77.78,22.22,0.0,0.0,20.0,0.0,0.0,24497.71,481266.69
Mozambique,2023,Textiles and Clothing,Sector,50085.87,1353.56,48732.310000000005,4.41,0.17,3.33,0.01,9.0,22.22,77.78,0.0,0.0,5.0,0.0,0.0,3.4,1306.16,3.33,0.01,9.0,22.22,77.78,0.0,0.0,5.0,0.0,0.0,3.4,1306.16
Mozambique,2023,Transportation,Sector,45273.36,132.74,45140.62,3.99,0.02,5.0,5.0,4.0,100.0,0.0,0.0,0.0,5.0,5.0,0.0,132.74,0.0,5.0,5.0,4.0,100.0,0.0,0.0,0.0,5.0,5.0,0.0,132.74,0.0
Mozambique,2023,Vegetable,Sector,18359.05,38864.91,-20505.860000000004,1.62,5.02,2.4,3.94,41.0,36.59,63.41,0.0,0.0,11.0,0.0,0.0,35091.33,1487.23,2.48,3.95,41.0,39.02,60.98,0.0,0.0,11.0,0.0,0.0,35362.78,1215.78
Mozambique,2023,Wood,Sector,3210.29,18.96,3191.33,0.28,0.0,5.0,5.0,12.0,100.0,0.0,0.0,0.0,5.0,5.0,0.0,18.96,0.0,5.0,5.0,12.0,100.0,0.0,0.0,0.0,5.0,5.0,0.0,18.96,0.0
Mozambique,2023,All Products,Total,1135432.19,774897.95,360534.24,100.0,100.0,6.75,1.78,213.0,65.26,34.74,0.0,0.0,100.0,0.0,0.0,286187.24,485113.4,7.1,1.8,213.0,66.67,33.33,0.0,0.0,100.0,0.0,0.0,287382.09,483918.55
Rwanda,2023,Capital goods,Broad Economic Category,83984.97,208.37,83776.6,32.6,0.02,3.08,3.62,29.0,27.59,72.41,0.0,0.0,5.0,0.0,0.0,128.88,49.12,3.08,3.62,29.0,27.59,72.41,0.0,0.0,5.0,0.0,0.0,128.88,49.12
Rwanda,2023,Consumer goods,Broad Economic Category,110800.49,28454.16,82346.33,43.01,3.07,7.28,10.58,174.0,91.95,6.32,1.72,0.0,40.0,0.0,0.11,26881.86,1009.86,7.19,10.59,174.0,93.68,5.75,0.57,0.0,40.0,0.0,0.06,27056.95,834.77
Rwanda,2023,Intermediate goods,Broad Economic Category,58734.88,884871.88,-826137.0,22.8,95.47,3.13,0.0,17.0,76.47,23.53,0.0,0.0,5.0,0.0,0.0,2.15,884869.33,3.13,0.0,17.0,76.47,23.53,0.0,0.0,5.0,0.0,0.0,2.15,884869.33
Rwanda,2023,Raw materials,Broad Economic Category,1601.77,13326.6,-11724.83,0.62,1.44,2.14,1.02,83.0,43.37,44.58,12.05,0.0,20.0,0.0,346.46,2531.1,10675.67,2.21,1.02,83.0,45.78,42.17,12.05,0.0,20.0,0.0,346.46,2533.8,10672.98
Rwanda,2023,Animal,Sector,463.04,67.12,395.92,0.18,0.01,1.88,2.36,13.0,30.77,69.23,0.0,0.0,5.0,0.0,0.0,48.7,18.42,1.88,2.36,13.0,30.77,69.23,0.0,0.0,5.0,0.0,0.0,48.7,18.42
Rwanda,2023,Chemicals,Sector,23196.12,0.3,23195.82,9.0,0.0,5.0,5.0,8.0,100.0,0.0,0.0,0.0,5.0,5.0,0.0,0.22,0.0,5.0,5.0,8.0,100.0,0.0,0.0,0.0,5.0,5.0,0.0,0.22,0.0
Rwanda,2023,Food Products,Sector,29639.29,1571.41,28067.88,11.5,0.17,5.0,5.0,15.0,93.33,0.0,6.67,0.0,5.0,5.0,0.06,1570.01,0.0,5.0,5.0,15.0,93.33,0.0,6.67,0.0,5.0,5.0,0.06,1570.01,0.0
Rwanda,2023,Footwear,Sector,375.06,0.18,374.88,0.15,0.0,5.0,5.0,1.0,100.0,0.0,0.0,0.0,5.0,5.0,0.0,0.18,0.0,5.0,5.0,1.0,100.0,0.0,0.0,0.0,5.0,5.0,0.0,0.18,0.0
Rwanda,2023,Fuels,Sector,4022.32,0.17,4022.15,1.56,0.0,,,,,,,,,,0.0,0.17,0.0,,,,,,,,,,0.0,0.17,0.0
Rwanda,2023,Hides and Skins,Sector,67.14,0.05,67.09,0.03,0.0,40.0,40.0,2.0,100.0,0.0,0.0,0.0,40.0,40.0,0.0,0.05,0.0,40.0,40.0,2.0,100.0,0.0,0.0,0.0,40.0,40.0,0.0,0.05,0.0
Rwanda,2023,Mach and Elec,Sector,54080.51,196.07,53884.44,20.99,0.02,2.92,3.61,31.0,29.03,67.74,3.23,0.0,5.0,0.0,0.04,127.74,49.12,2.9,3.61,31.0,32.26,67.74,0.0,0.0,5.0,0.0,0.0,127.74,49.12
Rwanda,2023,Metals,Sector,11718.64,20.49,11698.15,4.55,0.0,5.56,5.05,30.0,96.67,0.0,3.33,0.0,10.0,5.0,0.01,20.49,0.0,5.27,5.05,30.0,100.0,0.0,0.0,0.0,10.0,2.7,0.0,20.49,0.0
Rwanda,2023,Minerals,Sector,569.39,470.07,99.32,0.22,0.05,5.0,5.0,1.0,100.0,0.0,0.0,0.0,5.0,5.0,0.0,470.07,0.0,5.0,5.0,1.0,100.0,0.0,0.0,0.0,5.0,5.0,0.0,470.07,0.0
Rwanda,2023,Miscellaneous,Sector,10374.06,23.63,10350.43,4.03,0.0,12.0,26.1,8.0,100.0,0.0,0.0,0.0,40.0,5.0,0.0,7.4,0.0,12.0,26.1,8.0,100.0,0.0,0.0,0.0,40.0,5.0,0.0,7.4,0.0
Rwanda,2023,Plastic or Rubber,Sector,20934.22,67.84,20866.38,8.13,0.01,10.0,19.69,16.0,100.0,0.0,0.0,0.0,20.0,5.0,0.0,67.84,0.0,10.0,19.69,16.0,100.0,0.0,0.0,0.0,20.0,5.0,0.0,67.84,0.0
Rwanda,2023,Stone and Glass,Sector,8348.88,884857.41,-876508.53,3.24,95.47,3.33,0.0,12.0,83.33,16.67,0.0,0.0,5.0,0.0,0.0,0.67,884856.73,3.33,0.0,12.0,83.33,16.67,0.0,0.0,5.0,0.0,0.0,0.67,884856.73
Rwanda,2023,Textiles and Clothing,Sector,12470.46,151.06,12319.4,4.84,0.02,7.92,8.15,59.0,100.0,0.0,0.0,0.0,40.0,5.0,0.0,88.39,0.0,7.92,8.15,59.0,100.0,0.0,0.0,0.0,40.0,5.0,0.0,88.39,0.0
Rwanda,2023,Transportation,Sector,63023.57,10.88,63012.69,24.46,0.0,,,,,,,,,,,,,,,,,,,,,,,,
Rwanda,2023,Vegetable,Sector,8754.06,39439.4,-30685.340000000004,3.4,4.26,1.91,7.61,100.0,43.0,47.0,10.0,0.0,11.0,0.0,346.46,27259.85,11695.36,2.01,7.62,100.0,46.0,44.0,10.0,0.0,11.0,0.0,346.46,27437.63,11517.58
Rwanda,2023,Wood,Sector,9602.73,0.75,9601.98,3.73,0.0,13.75,13.55,19.0,100.0,0.0,0.0,0.0,40.0,5.0,0.0,0.35,0.0,13.75,13.55,19.0,100.0,0.0,0.0,0.0,40.0,5.0,0.0,0.35,0.0
Rwanda,2023,All Products,Total,257639.47,926876.83,-669237.36,100.0,100.0,5.15,0.33,315.0,70.79,25.08,4.13,0.0,40.0,0.0,346.57,29662.14,896619.64,5.15,0.33,315.0,72.38,24.13,3.49,0.0,40.0,0.0,346.52,29839.93,896441.85
Seychelles,2023,Capital goods,Broad Economic Category,46027.05,79.77,45947.280000000006,18.14,0.61,4.07,3.72,60.0,60.0,40.0,0.0,0.0,16.0,0.0,0.0,48.04,23.89,4.07,3.72,60.0,60.0,40.0,0.0,0.0,16.0,0.0,0.0,48.04,23.89
Seychelles,2023,Consumer goods,Broad Economic Category,153394.09,851.21,152542.88,60.45,6.55,4.84,1.7,94.0,75.53,20.21,4.26,0.0,20.0,0.0,458.06,585.43,233.36,6.1,17.65,94.0,88.3,1.06,6.38,4.26,25.0,0.0,458.12,818.18,0.6
Seychelles,2023,Intermediate goods,Broad Economic Category,36130.87,862.3,35268.57,14.24,6.64,3.33,4.62,3.0,66.67,33.33,0.0,0.0,5.0,0.0,0.0,0.47,0.04,3.33,4.62,3.0,66.67,33.33,0.0,0.0,5.0,0.0,0.0,0.47,0.04
Seychelles,2023,Raw materials,Broad Economic Category,15029.32,11199.12,3830.199999999999,5.92,86.18,4.88,5.97,32.0,50.0,50.0,0.0,0.0,20.0,0.0,0.0,3276.24,973.88,4.88,5.97,32.0,50.0,50.0,0.0,0.0,20.0,0.0,0.0,3276.24,973.88
Seychelles,2023,Animal,Sector,9572.3,10453.2,-880.9000000000015,3.77,80.44,3.69,4.03,42.0,45.24,54.76,0.0,0.0,10.0,0.0,0.0,2731.56,1043.65,3.69,4.03,42.0,45.24,54.76,0.0,0.0,10.0,0.0,0.0,2731.56,1043.65
Seychelles,2023,Chemicals,Sector,6894.93,227.7,6667.2300000000005,2.72,1.75,2.5,4.84,6.0,83.33,16.67,0.0,0.0,5.0,0.0,0.0,1.15,0.04,2.5,4.84,6.0,83.33,16.67,0.0,0.0,5.0,0.0,0.0,1.15,0.04
Seychelles,2023,Food Products,Sector,23274.21,1450.22,21823.989999999998,9.17,11.16,4.17,1.53,43.0,51.16,39.53,9.3,0.0,5.0,0.0,458.06,560.9,232.68,6.6,18.24,43.0,76.74,0.0,13.95,9.3,25.0,0.07,458.12,793.58,0.0
Seychelles,2023,Footwear,Sector,,,,,,,,,,,,,,,,,,,,,,,,,,,,,
Seychelles,2023,Fuels,Sector,75751.06,12.17,75738.89,29.85,0.09,,,,,,,,,,0.0,9.17,0.0,,,,,,,,,,0.0,9.17,0.0
Seychelles,2023,Hides and Skins,Sector,,,,,,,,,,,,,,,,,,,,,,,,,,,,,
Seychelles,2023,Mach and Elec,Sector,39657.49,38.67,39618.82,15.63,0.3,5.11,2.6,29.0,17.24,82.76,0.0,0.0,20.0,0.0,0.0,11.16,23.89,5.11,2.6,29.0,17.24,82.76,0.0,0.0,20.0,0.0,0.0,11.16,23.89
Seychelles,2023,Metals,Sector,22628.17,249.48,22378.69,8.92,1.92,5.0,5.0,3.0,100.0,0.0,0.0,0.0,5.0,5.0,0.0,249.48,0.0,5.0,5.0,3.0,100.0,0.0,0.0,0.0,5.0,5.0,0.0,249.48,0.0
Seychelles,2023,Minerals,Sector,,,,,,,,,,,,,,,,,,,,,,,,,,,,,
Seychelles,2023,Miscellaneous,Sector,8257.22,44.95,8212.269999999999,3.25,0.35,5.0,5.0,34.0,100.0,0.0,0.0,0.0,5.0,5.0,0.0,37.19,0.0,5.0,5.0,34.0,100.0,0.0,0.0,0.0,5.0,5.0,0.0,37.19,0.0
Seychelles,2023,Plastic or Rubber,Sector,7300.68,497.97,6802.71,2.88,3.83,11.0,19.93,20.0,100.0,0.0,0.0,0.0,20.0,5.0,0.0,497.6,0.0,11.0,19.93,20.0,100.0,0.0,0.0,0.0,20.0,5.0,0.0,497.6,0.0
Seychelles,2023,Stone and Glass,Sector,3033.76,0.93,3032.8300000000004,1.2,0.01,3.33,4.57,4.0,75.0,25.0,0.0,0.0,5.0,0.0,0.0,0.85,0.08,7.0,5.51,4.0,100.0,0.0,0.0,0.0,11.0,5.0,0.0,0.93,0.0
Seychelles,2023,Textiles and Clothing,Sector,1917.69,2.41,1915.28,0.76,0.02,5.0,5.0,10.0,100.0,0.0,0.0,0.0,5.0,5.0,0.0,2.41,0.0,5.0,5.0,10.0,100.0,0.0,0.0,0.0,5.0,5.0,0.0,2.41,0.0
Seychelles,2023,Transportation,Sector,20952.5,13.64,20938.86,8.26,0.11,3.75,4.57,6.0,83.33,16.67,0.0,0.0,5.0,0.0,0.0,6.36,0.6,3.75,4.57,6.0,83.33,16.67,0.0,0.0,5.0,0.0,0.0,6.36,0.6
Seychelles,2023,Vegetable,Sector,21747.72,1.59,21746.13,8.57,0.01,0.0,0.0,3.0,0.0,100.0,0.0,0.0,0.0,0.0,0.0,0.0,1.59,0.0,0.0,3.0,0.0,100.0,0.0,0.0,0.0,0.0,0.0,0.0,1.59
Seychelles,2023,Wood,Sector,7201.6,2.01,7199.59,2.84,0.02,5.0,5.0,5.0,100.0,0.0,0.0,0.0,5.0,5.0,0.0,2.01,0.0,5.0,5.0,5.0,100.0,0.0,0.0,0.0,5.0,5.0,0.0,2.01,0.0
Seychelles,2023,All Products,Total,253741.34,12994.94,240746.4,100.0,100.0,4.53,5.51,205.0,63.9,34.15,1.95,0.0,20.0,0.0,458.06,4109.83,1302.52,5.05,6.64,205.0,69.76,25.37,2.93,1.95,25.0,0.0,458.12,4342.58,1069.77
Somalia,2023,Capital goods,Broad Economic Category,401365.59,3279.72,398085.87000000005,19.89,0.35,0.56,0.05,38.0,10.53,89.47,0.0,0.0,5.0,0.0,0.0,4.58,490.52,4.44,4.89,38.0,86.84,13.16,0.0,0.0,5.0,0.0,0.0,484.41,10.7
Somalia,2023,Consumer goods,Broad Economic Category,1078012.34,84232.07,993780.27,53.42,8.97,1.75,0.23,97.0,41.24,58.76,0.0,0.0,5.0,0.0,0.0,184.61,1040.96,4.75,4.99,97.0,96.91,3.09,0.0,0.0,5.0,0.0,0.0,1222.73,2.84
Somalia,2023,Intermediate goods,Broad Economic Category,450906.71,317688.4,133218.31,22.34,33.81,0.91,0.0,73.0,39.73,60.27,0.0,0.0,20.0,0.0,0.0,201.36,315770.73,4.3,0.01,73.0,83.56,16.44,0.0,0.0,20.0,0.0,0.0,529.14,315442.95
Somalia,2023,Raw materials,Broad Economic Category,79407.6,534333.65,-454926.05000000005,3.93,56.87,1.21,2.09,150.0,30.0,69.33,0.67,0.0,25.0,0.0,73.49,205806.83,208201.48,2.96,2.14,150.0,64.67,34.67,0.67,0.0,25.0,0.0,73.49,210907.42,203100.89
Somalia,2023,Animal,Sector,192314.0,518231.17,-325917.17,9.53,55.16,0.21,1.91,133.0,3.76,96.24,0.0,0.0,7.0,0.0,0.0,276716.22,240037.94,1.65,1.95,133.0,39.85,60.15,0.0,0.0,7.0,0.0,0.0,281926.57,234827.59
Somalia,2023,Chemicals,Sector,117374.29,1166.66,116207.62999999999,5.82,0.12,1.82,1.42,41.0,41.46,58.54,0.0,0.0,5.0,0.0,0.0,5.42,13.7,4.55,4.27,41.0,97.56,2.44,0.0,0.0,5.0,0.0,0.0,16.33,2.8
Somalia,2023,Food Products,Sector,390044.38,1425.42,388618.96,19.33,0.15,1.88,0.04,14.0,64.29,35.71,0.0,0.0,5.0,0.0,0.0,9.28,1276.81,5.0,5.0,14.0,100.0,0.0,0.0,0.0,5.0,5.0,0.0,1286.08,0.0
Somalia,2023,Footwear,Sector,6141.63,4.35,6137.28,0.3,0.0,0.0,0.0,3.0,0.0,100.0,0.0,0.0,0.0,0.0,0.0,0.0,3.9,5.0,5.0,3.0,100.0,0.0,0.0,0.0,5.0,5.0,0.0,3.9,0.0
Somalia,2023,Fuels,Sector,124387.4,678.05,123709.34999999999,6.16,0.07,0.0,0.0,2.0,0.0,100.0,0.0,0.0,0.0,0.0,0.0,133.66,16.09,5.0,5.0,2.0,100.0,0.0,0.0,0.0,5.0,5.0,0.0,149.75,0.0
Somalia,2023,Hides and Skins,Sector,1325.12,1363.2,-38.080000000000155,0.07,0.15,0.0,0.0,6.0,0.0,100.0,0.0,0.0,0.0,0.0,0.0,0.0,1363.2,0.0,0.0,6.0,0.0,100.0,0.0,0.0,0.0,0.0,0.0,0.0,1363.2
Somalia,2023,Mach and Elec,Sector,364886.9,157.31,364729.59,18.08,0.02,0.29,0.09,37.0,8.11,91.89,0.0,0.0,5.0,0.0,0.0,2.42,130.26,4.41,4.6,37.0,86.49,13.51,0.0,0.0,5.0,0.0,0.0,121.99,10.7
Somalia,2023,Metals,Sector,108445.85,320.04,108125.81000000001,5.37,0.03,0.0,0.0,13.0,0.0,100.0,0.0,0.0,0.0,0.0,0.0,0.0,162.96,5.0,5.0,13.0,100.0,0.0,0.0,0.0,5.0,5.0,0.0,162.96,0.0
Somalia,2023,Minerals,Sector,41424.89,21.47,41403.42,2.05,0.0,0.0,0.0,6.0,0.0,100.0,0.0,0.0,0.0,0.0,0.0,0.0,21.47,5.0,5.0,6.0,100.0,0.0,0.0,0.0,5.0,5.0,0.0,21.47,0.0
Somalia,2023,Miscellaneous,Sector,21040.99,269.81,20771.18,1.04,0.03,0.0,0.0,3.0,0.0,100.0,0.0,0.0,0.0,0.0,0.0,0.0,23.63,5.0,5.0,3.0,100.0,0.0,0.0,0.0,5.0,5.0,0.0,23.63,0.0
Somalia,2023,Plastic or Rubber,Sector,78183.36,71.88,78111.48,3.87,0.01,1.25,0.02,5.0,20.0,80.0,0.0,0.0,5.0,0.0,0.0,0.16,41.3,5.0,5.0,5.0,100.0,0.0,0.0,0.0,5.0,5.0,0.0,41.47,0.0
Somalia,2023,Stone and Glass,Sector,99478.0,315312.82,-215834.82,4.93,33.56,0.56,0.0,14.0,7.14,92.86,0.0,0.0,5.0,0.0,0.0,3.31,315212.72,3.89,0.0,14.0,71.43,28.57,0.0,0.0,5.0,0.0,0.0,27.38,315188.64
Somalia,2023,Textiles and Clothing,Sector,45528.71,10.73,45517.979999999996,2.26,0.0,0.0,0.0,6.0,0.0,100.0,0.0,0.0,0.0,0.0,0.0,0.0,7.79,5.0,5.0,6.0,100.0,0.0,0.0,0.0,5.0,5.0,0.0,7.79,0.0
Somalia,2023,Transportation,Sector,102033.77,463.86,101569.91,5.06,0.05,1.67,0.03,11.0,9.09,90.91,0.0,0.0,5.0,0.0,0.0,2.16,378.67,5.0,5.0,11.0,100.0,0.0,0.0,0.0,5.0,5.0,0.0,380.84,0.0
Somalia,2023,Vegetable,Sector,284185.7,18273.39,265912.31,14.08,1.94,2.75,0.22,136.0,58.82,40.44,0.74,0.0,25.0,0.0,73.49,834.07,15642.37,4.22,1.15,136.0,83.82,15.44,0.74,0.0,25.0,0.0,73.49,4148.33,12328.11
Somalia,2023,Wood,Sector,41216.82,81764.3,-40547.48,2.04,8.7,1.25,4.37,7.0,42.86,57.14,0.0,0.0,5.0,0.0,0.0,14.89,2.15,3.75,4.99,7.0,71.43,28.57,0.0,0.0,5.0,0.0,0.0,16.99,0.04
Somalia,2023,All Products,Total,2018011.82,939534.45,1078477.37,100.0,100.0,1.06,1.16,437.0,27.46,72.31,0.23,0.0,25.0,0.0,73.49,277721.59,574334.97,3.56,1.22,437.0,72.54,27.23,0.23,0.0,25.0,0.0,73.49,288335.48,563721.08
South Sudan,2023,Capital goods,Broad Economic Category,30582.9,62.91,30519.99,6.68,0.09,,,,,,,,,,,,,,,,,,,,,,,,
South Sudan,2023,Consumer goods,Broad Economic Category,357063.3,2662.41,354400.89,77.98,3.92,4.19,4.88,87.0,85.06,13.79,1.15,0.0,10.0,0.0,23.73,2472.14,61.29,4.19,4.88,87.0,85.06,13.79,1.15,0.0,10.0,0.0,23.73,2472.14,61.29
South Sudan,2023,Intermediate goods,Broad Economic Category,49184.51,29278.15,19906.36,10.74,43.11,3.89,0.32,23.0,86.96,13.04,0.0,0.0,5.0,0.0,0.0,1892.71,27379.74,3.89,0.32,23.0,86.96,13.04,0.0,0.0,5.0,0.0,0.0,1892.71,27379.74
South Sudan,2023,Raw materials,Broad Economic Category,20226.52,35914.53,-15688.009999999998,4.42,52.88,1.95,0.7,70.0,54.29,38.57,7.14,0.0,5.0,0.0,264.0,5316.54,30580.36,1.95,0.7,70.0,54.29,38.57,7.14,0.0,5.0,0.0,264.0,5316.54,30580.36
South Sudan,2023,Animal,Sector,19544.38,212.96,19331.420000000002,4.27,0.31,3.33,0.45,3.0,66.67,33.33,0.0,0.0,5.0,0.0,0.0,19.28,193.68,3.33,0.45,3.0,66.67,33.33,0.0,0.0,5.0,0.0,0.0,19.28,193.68
South Sudan,2023,Chemicals,Sector,16190.45,5.54,16184.91,3.54,0.01,5.0,5.0,4.0,100.0,0.0,0.0,0.0,5.0,5.0,0.0,5.45,0.0,5.0,5.0,4.0,100.0,0.0,0.0,0.0,5.0,5.0,0.0,5.45,0.0
South Sudan,2023,Food Products,Sector,49642.73,2539.85,47102.880000000005,10.84,3.74,5.0,5.0,51.0,98.04,0.0,1.96,0.0,5.0,5.0,23.73,2539.83,0.0,5.0,5.0,51.0,98.04,0.0,1.96,0.0,5.0,5.0,23.73,2539.83,0.0
South Sudan,2023,Footwear,Sector,32098.18,0.04,32098.14,7.01,0.0,,,,,,,,,,,,,,,,,,,,,,,,
South Sudan,2023,Fuels,Sector,7366.61,652.28,6714.33,1.61,0.96,3.0,3.0,1.0,100.0,0.0,0.0,0.0,3.0,3.0,0.0,652.28,0.0,3.0,3.0,1.0,100.0,0.0,0.0,0.0,3.0,3.0,0.0,652.28,0.0
South Sudan,2023,Hides and Skins,Sector,537.64,0.07,537.5699999999999,0.12,0.0,,,,,,,,,,,,,,,,,,,,,,,,
South Sudan,2023,Mach and Elec,Sector,29391.82,62.94,29328.88,6.42,0.09,,,,,,,,,,,,,,,,,,,,,,,,
South Sudan,2023,Metals,Sector,7291.1,22.78,7268.320000000001,1.59,0.03,5.42,5.42,12.0,100.0,0.0,0.0,0.0,10.0,5.0,0.0,7.91,0.0,5.42,5.42,12.0,100.0,0.0,0.0,0.0,10.0,5.0,0.0,7.91,0.0
South Sudan,2023,Minerals,Sector,275.65,3.22,272.42999999999995,0.06,0.0,5.0,5.0,5.0,100.0,0.0,0.0,0.0,5.0,5.0,0.0,3.22,0.0,5.0,5.0,5.0,100.0,0.0,0.0,0.0,5.0,5.0,0.0,3.22,0.0
South Sudan,2023,Miscellaneous,Sector,7581.89,20.98,7560.910000000001,1.66,0.03,5.0,5.0,1.0,100.0,0.0,0.0,0.0,5.0,5.0,0.0,20.48,0.0,5.0,5.0,1.0,100.0,0.0,0.0,0.0,5.0,5.0,0.0,20.48,0.0
South Sudan,2023,Plastic or Rubber,Sector,15322.96,0.2,15322.759999999998,3.35,0.0,,,,,,,,,,,,,,,,,,,,,,,,
South Sudan,2023,Stone and Glass,Sector,3360.88,27378.59,-24017.71,0.73,40.31,0.0,0.0,2.0,0.0,100.0,0.0,0.0,0.0,0.0,0.0,0.0,27378.59,0.0,0.0,2.0,0.0,100.0,0.0,0.0,0.0,0.0,0.0,0.0,27378.59
South Sudan,2023,Textiles and Clothing,Sector,199171.41,10.57,199160.84,43.5,0.02,,,,,,,,,,,,,,,,,,,,,,,,
South Sudan,2023,Transportation,Sector,,,,,,,,,,,,,,,,,,,,,,,,,,,,,
South Sudan,2023,Vegetable,Sector,38702.05,36838.9,1863.1500000000015,8.45,54.24,3.0,0.88,98.0,62.24,32.65,5.1,0.0,11.0,0.0,264.0,6450.86,30388.04,3.0,0.88,98.0,62.24,32.65,5.1,0.0,11.0,0.0,264.0,6450.86,30388.04
South Sudan,2023,Wood,Sector,12168.51,169.56,11998.95,2.66,0.25,0.0,0.0,12.0,0.0,100.0,0.0,0.0,0.0,0.0,0.0,0.0,61.29,0.0,0.0,12.0,0.0,100.0,0.0,0.0,0.0,0.0,0.0,0.0,61.29
South Sudan,2023,All Products,Total,457914.86,67918.5,389996.36,100.0,100.0,3.29,0.7,189.0,71.96,24.87,3.17,0.0,11.0,0.0,287.72,9699.32,58021.6,3.29,0.7,189.0,71.96,24.87,3.17,0.0,11.0,0.0,287.72,9699.32,58021.6
Tanzania,2023,Capital goods,Broad Economic Category,440924.87,782.43,440142.44,23.65,0.04,5.69,2.33,71.0,81.69,18.31,0.0,0.0,35.0,0.0,0.0,251.46,322.56,5.69,2.33,71.0,81.69,18.31,0.0,0.0,35.0,0.0,0.0,251.46,322.56
Tanzania,2023,Consumer goods,Broad Economic Category,872024.22,54989.55,817034.6699999999,46.77,2.85,7.4,12.76,504.0,93.25,6.15,0.6,0.0,100.0,0.0,0.16,47325.5,2906.94,7.44,12.76,504.0,94.44,5.56,0.0,0.0,100.0,0.0,0.0,47325.52,2906.91
Tanzania,2023,Intermediate goods,Broad Economic Category,508967.08,1601344.58,-1092377.5,27.3,82.97,4.18,0.49,196.0,84.18,15.82,0.0,0.0,40.0,0.0,0.0,161488.04,1427691.51,4.18,0.49,196.0,84.18,15.82,0.0,0.0,40.0,0.0,0.0,161488.04,1427691.51
Tanzania,2023,Raw materials,Broad Economic Category,19368.06,272881.71,-253513.65000000002,1.04,14.14,3.97,14.18,434.0,50.46,45.85,3.69,0.0,100.0,0.0,551.11,116860.08,112266.96,4.34,14.46,434.0,53.23,43.09,3.69,0.0,100.0,0.0,551.11,134319.62,94807.42
Tanzania,2023,Animal,Sector,16725.92,77303.76,-60577.84,0.9,4.01,2.8,1.65,162.0,54.32,45.68,0.0,0.0,6.0,0.0,0.0,35531.94,34409.29,3.02,1.66,162.0,55.56,44.44,0.0,0.0,9.0,0.0,0.0,35608.42,34332.81
Tanzania,2023,Chemicals,Sector,255811.07,1917.35,253893.72,13.72,0.1,8.06,4.64,49.0,91.84,8.16,0.0,0.0,20.0,0.0,0.0,1676.98,135.86,8.06,4.64,49.0,91.84,8.16,0.0,0.0,20.0,0.0,0.0,1676.98,135.86
Tanzania,2023,Food Products,Sector,127170.62,58919.32,68251.29999999999,6.82,3.05,11.58,57.36,186.0,96.24,3.76,0.0,0.0,100.0,0.0,0.0,52981.3,2430.31,12.8,57.81,186.0,97.85,2.15,0.0,0.0,100.0,0.0,0.0,54400.88,1010.74
Tanzania,2023,Footwear,Sector,3239.98,1.38,3238.6,0.17,0.0,5.0,5.0,8.0,87.5,0.0,12.5,0.0,5.0,5.0,0.03,1.29,0.0,4.53,4.93,8.0,100.0,0.0,0.0,0.0,5.0,2.2,0.0,1.29,0.0
Tanzania,2023,Fuels,Sector,228930.33,64959.85,163970.47999999998,12.28,3.37,4.75,6.7,12.0,91.67,8.33,0.0,0.0,11.0,0.0,0.0,51767.48,13176.86,4.75,6.7,12.0,91.67,8.33,0.0,0.0,11.0,0.0,0.0,51767.48,13176.86
Tanzania,2023,Hides and Skins,Sector,967.51,6.15,961.36,0.05,0.0,13.75,5.71,22.0,95.45,0.0,4.55,0.0,40.0,5.0,0.1,6.15,0.0,12.61,5.67,22.0,100.0,0.0,0.0,0.0,40.0,3.5,0.0,6.15,0.0
Tanzania,2023,Mach and Elec,Sector,379283.9,300.75,378983.15,20.34,0.02,7.21,2.38,62.0,77.42,22.58,0.0,0.0,35.0,0.0,0.0,76.22,122.71,7.21,2.38,62.0,77.42,22.58,0.0,0.0,35.0,0.0,0.0,76.22,122.71
Tanzania,2023,Metals,Sector,111262.91,130176.17,-18913.259999999995,5.97,6.74,5.62,4.82,49.0,83.67,16.33,0.0,0.0,40.0,0.0,0.0,125215.62,4934.75,5.62,4.82,49.0,83.67,16.33,0.0,0.0,40.0,0.0,0.0,125215.62,4934.75
Tanzania,2023,Minerals,Sector,35569.48,273.57,35295.91,1.91,0.01,4.72,5.0,13.0,100.0,0.0,0.0,0.0,5.0,2.5,0.0,273.57,0.0,4.72,5.0,13.0,100.0,0.0,0.0,0.0,5.0,2.5,0.0,273.57,0.0
Tanzania,2023,Miscellaneous,Sector,35497.67,192.88,35304.79,1.9,0.01,8.28,7.66,45.0,100.0,0.0,0.0,0.0,40.0,2.5,0.0,38.58,0.0,8.28,7.66,45.0,100.0,0.0,0.0,0.0,40.0,2.5,0.0,38.58,0.0
Tanzania,2023,Plastic or Rubber,Sector,187628.55,2332.99,185295.56,10.06,0.12,7.83,8.03,64.0,96.88,3.13,0.0,0.0,20.0,0.0,0.0,676.39,209.72,7.83,8.03,64.0,96.88,3.13,0.0,0.0,20.0,0.0,0.0,676.39,209.72
Tanzania,2023,Stone and Glass,Sector,50404.13,1449898.51,-1399494.3800000001,2.7,75.12,3.42,0.03,36.0,69.44,25.0,5.56,0.0,15.0,0.0,0.13,8079.86,1441734.97,3.7,0.03,36.0,77.78,22.22,0.0,0.0,15.0,0.0,0.0,8079.86,1441734.97
Tanzania,2023,Textiles and Clothing,Sector,87308.56,31266.57,56041.99,4.68,1.62,4.6,1.12,131.0,89.31,10.69,0.0,0.0,15.0,0.0,0.0,10249.29,19117.85,4.78,1.12,131.0,90.84,9.16,0.0,0.0,15.0,0.0,0.0,10249.31,19117.83
Tanzania,2023,Transportation,Sector,195433.55,380.02,195053.53,10.48,0.02,3.75,2.31,12.0,83.33,16.67,0.0,0.0,5.0,0.0,0.0,172.67,201.62,3.75,2.31,12.0,83.33,16.67,0.0,0.0,5.0,0.0,0.0,172.67,201.62
Tanzania,2023,Vegetable,Sector,125860.56,111484.35,14376.209999999992,6.75,5.78,3.75,3.41,373.0,57.91,37.8,4.29,0.0,40.0,0.0,551.11,69028.96,29316.65,3.79,3.82,373.0,60.32,35.39,4.29,0.0,40.0,0.0,551.11,85362.59,12983.02
Tanzania,2023,Wood,Sector,23453.12,628.09,22825.03,1.26,0.03,4.78,4.76,85.0,87.06,12.94,0.0,0.0,20.0,0.0,0.0,446.91,38.19,4.78,4.76,85.0,87.06,12.94,0.0,0.0,20.0,0.0,0.0,446.91,38.19
Tanzania,2023,All Products,Total,1864547.88,1930041.72,-65493.840000000084,100.0,100.0,5.23,2.52,1309.0,76.55,21.93,1.53,0.0,100.0,0.0,551.37,356223.2,1545828.78,5.39,2.55,1309.0,78.15,20.63,1.22,0.0,100.0,0.0,551.11,374052.91,1527999.07
Uganda,2023,Capital goods,Broad Economic Category,148563.12,205.98,148357.13999999998,28.81,0.02,2.76,4.55,59.0,33.9,66.1,0.0,0.0,5.0,0.0,0.0,93.26,9.3,2.76,4.55,59.0,33.9,66.1,0.0,0.0,5.0,0.0,0.0,93.26,9.3
Uganda,2023,Consumer goods,Broad Economic Category,211504.42,41066.96,170437.46000000002,41.01,3.83,6.48,10.05,402.0,83.83,14.43,1.74,0.0,100.0,0.0,7.02,46816.36,2054.87,6.6,10.05,402.0,87.06,11.44,1.49,0.0,100.0,0.0,6.96,46816.85,2054.38
Uganda,2023,Intermediate goods,Broad Economic Category,138254.12,907149.18,-768895.06,26.81,84.64,3.68,0.02,164.0,75.0,25.0,0.0,0.0,11.0,0.0,0.0,7003.42,899363.52,3.68,0.02,164.0,75.0,25.0,0.0,0.0,11.0,0.0,0.0,7003.42,899363.52
Uganda,2023,Raw materials,Broad Economic Category,4182.49,123355.11,-119172.62,0.81,11.51,3.16,15.51,263.0,39.92,54.37,5.7,0.0,100.0,0.0,426.92,34855.93,57154.24,3.37,16.39,263.0,42.59,52.09,5.32,0.0,100.0,0.0,419.61,67117.72,24892.46
Uganda,2023,Animal,Sector,1051.19,33040.05,-31988.860000000004,0.2,3.08,3.66,4.93,85.0,61.18,38.82,0.0,0.0,6.0,0.0,0.0,14210.47,346.99,3.66,4.93,85.0,61.18,38.82,0.0,0.0,6.0,0.0,0.0,14210.47,346.99
Uganda,2023,Chemicals,Sector,41837.62,1032.47,40805.15,8.11,0.1,4.73,4.69,44.0,97.73,2.27,0.0,0.0,6.5,0.0,0.0,626.39,41.41,4.73,4.69,44.0,97.73,2.27,0.0,0.0,6.5,0.0,0.0,626.39,41.41
Uganda,2023,Food Products,Sector,46963.08,23616.3,23346.780000000002,9.11,2.2,11.16,74.59,209.0,91.39,6.22,2.39,0.0,100.0,0.0,5.32,9393.97,0.03,11.16,74.59,209.0,91.39,6.22,2.39,0.0,100.0,0.0,5.32,9393.97,0.03
Uganda,2023,Footwear,Sector,795.31,46.61,748.6999999999999,0.15,0.0,5.0,5.0,5.0,100.0,0.0,0.0,0.0,5.0,5.0,0.0,46.46,0.0,5.0,5.0,5.0,100.0,0.0,0.0,0.0,5.0,5.0,0.0,46.46,0.0
Uganda,2023,Fuels,Sector,,,,,,,,,,,,,,,,,,,,,,,,,,,,,
Uganda,2023,Hides and Skins,Sector,300.11,349.23,-49.120000000000005,0.06,0.03,5.83,0.45,9.0,77.78,22.22,0.0,0.0,20.0,0.0,0.0,31.03,317.98,5.83,0.45,9.0,77.78,22.22,0.0,0.0,20.0,0.0,0.0,31.03,317.98
Uganda,2023,Mach and Elec,Sector,137325.93,128.43,137197.5,26.63,0.01,2.19,4.5,42.0,19.05,78.57,2.38,0.0,5.0,0.0,0.06,83.2,9.3,2.22,4.5,42.0,21.43,78.57,0.0,0.0,5.0,0.0,0.0,83.2,9.3
Uganda,2023,Metals,Sector,56514.75,40.48,56474.27,10.96,0.0,5.0,5.0,2.0,100.0,0.0,0.0,0.0,5.0,5.0,0.0,15.5,0.0,5.0,5.0,2.0,100.0,0.0,0.0,0.0,5.0,5.0,0.0,15.5,0.0
Uganda,2023,Minerals,Sector,5889.07,310.93,5578.139999999999,1.14,0.03,5.0,5.0,2.0,100.0,0.0,0.0,0.0,5.0,5.0,0.0,190.93,0.0,5.0,5.0,2.0,100.0,0.0,0.0,0.0,5.0,5.0,0.0,190.93,0.0
Uganda,2023,Miscellaneous,Sector,16501.73,94.12,16407.61,3.2,0.01,4.58,4.99,27.0,77.78,22.22,0.0,0.0,5.0,0.0,0.0,12.44,0.0,4.58,4.99,27.0,77.78,22.22,0.0,0.0,5.0,0.0,0.0,12.44,0.0
Uganda,2023,Plastic or Rubber,Sector,69503.1,729.59,68773.51000000001,13.48,0.07,8.75,19.67,18.0,100.0,0.0,0.0,0.0,20.0,5.0,0.0,486.73,0.0,8.75,19.67,18.0,100.0,0.0,0.0,0.0,20.0,5.0,0.0,486.73,0.0
Uganda,2023,Stone and Glass,Sector,17114.81,898818.06,-881703.25,3.32,83.86,2.5,0.0,12.0,41.67,58.33,0.0,0.0,5.0,0.0,0.0,17.33,898797.77,2.5,0.0,12.0,41.67,58.33,0.0,0.0,5.0,0.0,0.0,17.33,898797.77
Uganda,2023,Textiles and Clothing,Sector,12542.31,6039.8,6502.509999999999,2.43,0.56,4.78,0.03,48.0,81.25,18.75,0.0,0.0,11.0,0.0,0.0,39.15,5990.43,5.33,0.03,48.0,85.42,14.58,0.0,0.0,12.0,0.0,0.0,39.23,5990.36
Uganda,2023,Transportation,Sector,70622.9,51.78,70571.12,13.69,0.0,5.0,5.0,19.0,100.0,0.0,0.0,0.0,5.0,5.0,0.0,25.16,0.0,5.0,5.0,19.0,100.0,0.0,0.0,0.0,5.0,5.0,0.0,25.16,0.0
Uganda,2023,Vegetable,Sector,4245.96,107243.44,-102997.48,0.82,10.01,2.81,9.17,482.0,48.34,48.34,3.32,0.0,40.0,0.0,428.57,55689.4,53739.19,3.08,9.91,482.0,53.53,42.95,3.11,0.41,40.0,0.0,421.25,87983.92,21444.66
Uganda,2023,Wood,Sector,26830.27,245.87,26584.4,5.2,0.02,4.67,4.85,38.0,63.16,36.84,0.0,0.0,16.0,0.0,0.0,68.4,2.29,4.67,4.85,38.0,63.16,36.84,0.0,0.0,16.0,0.0,0.0,68.4,2.29
Uganda,2023,All Products,Total,515717.63,1071787.16,-556069.5299999999,100.0,100.0,4.25,1.72,1042.0,64.2,33.69,2.11,0.0,100.0,0.0,433.94,102917.53,959245.39,4.42,1.8,1042.0,66.89,31.0,1.92,0.19,100.0,0.0,426.57,135212.12,926950.79
Zambia,2023,Capital goods,Broad Economic Category,72686.57,387.42,72299.15000000001,20.86,0.02,2.92,4.03,27.0,29.63,66.67,3.7,0.0,5.0,0.0,22.35,224.59,26.1,2.92,4.03,27.0,29.63,66.67,3.7,0.0,5.0,0.0,22.35,224.59,26.1
Zambia,2023,Consumer goods,Broad Economic Category,84731.02,134.15,84596.87000000001,24.32,0.01,5.48,3.87,73.0,79.45,19.18,1.37,0.0,40.0,0.0,0.95,76.87,24.45,5.67,3.92,73.0,82.19,9.59,2.74,5.48,40.0,0.0,0.25,77.12,24.2
Zambia,2023,Intermediate goods,Broad Economic Category,185382.07,2288596.43,-2103214.3600000003,53.2,99.24,3.74,0.65,27.0,59.26,40.74,0.0,0.0,40.0,0.0,0.0,267556.28,1853024.24,3.74,0.65,27.0,59.26,40.74,0.0,0.0,40.0,0.0,0.0,267556.28,1853024.24
Zambia,2023,Raw materials,Broad Economic Category,1939.53,16893.33,-14953.800000000001,0.56,0.73,10.83,68.45,57.0,43.86,56.14,0.0,0.0,100.0,0.0,0.0,3193.49,402.07,10.83,68.45,57.0,43.86,56.14,0.0,0.0,100.0,0.0,0.0,3193.49,402.07
Zambia,2023,Animal,Sector,310.92,14.52,296.40000000000003,0.09,0.0,2.5,2.38,12.0,33.33,66.67,0.0,0.0,5.0,0.0,0.0,13.59,0.73,2.5,2.38,12.0,33.33,66.67,0.0,0.0,5.0,0.0,0.0,13.59,0.73
Zambia,2023,Chemicals,Sector,17763.2,1517.98,16245.220000000001,5.1,0.07,6.56,5.0,6.0,50.0,33.33,16.67,0.0,40.0,0.0,0.95,1517.94,0.03,7.38,5.0,6.0,66.67,33.33,0.0,0.0,40.0,0.0,0.0,1517.94,0.03
Zambia,2023,Food Products,Sector,8351.05,11886.26,-3535.210000000001,2.4,0.52,55.17,31.94,16.0,56.25,43.75,0.0,0.0,100.0,0.0,0.0,10364.62,0.25,56.02,31.94,16.0,62.5,0.0,12.5,25.0,100.0,0.07,0.25,10364.87,0.0
Zambia,2023,Footwear,Sector,633.37,0.1,633.27,0.18,0.0,,,,,,,,,,,,,,,,,,,,,,,,
Zambia,2023,Fuels,Sector,,,,,,,,,,,,,,,,,,,,,,,,,,,,,
Zambia,2023,Hides and Skins,Sector,180.49,5.09,175.4,0.05,0.0,5.0,5.0,3.0,100.0,0.0,0.0,0.0,5.0,5.0,0.0,1.05,0.0,5.0,5.0,3.0,100.0,0.0,0.0,0.0,5.0,5.0,0.0,1.05,0.0
Zambia,2023,Mach and Elec,Sector,60820.1,67.59,60752.51,17.45,0.0,2.69,0.13,29.0,24.14,72.41,3.45,0.0,5.0,0.0,22.35,24.04,40.6,2.69,0.13,29.0,24.14,72.41,3.45,0.0,5.0,0.0,22.35,24.04,40.6
Zambia,2023,Metals,Sector,6826.41,446069.74,-439243.33,1.96,19.34,2.5,3.84,12.0,58.33,41.67,0.0,0.0,5.0,0.0,0.0,216046.62,64901.05,2.5,3.84,12.0,58.33,41.67,0.0,0.0,5.0,0.0,0.0,216046.62,64901.05
Zambia,2023,Minerals,Sector,223.21,134.29,88.92000000000002,0.06,0.01,5.0,5.0,2.0,100.0,0.0,0.0,0.0,5.0,5.0,0.0,134.29,0.0,5.0,5.0,2.0,100.0,0.0,0.0,0.0,5.0,5.0,0.0,134.29,0.0
Zambia,2023,Miscellaneous,Sector,7217.39,141.47,7075.92,2.07,0.01,3.33,4.28,7.0,85.71,14.29,0.0,0.0,5.0,0.0,0.0,1.22,0.2,3.33,4.28,7.0,85.71,14.29,0.0,0.0,5.0,0.0,0.0,1.22,0.2
Zambia,2023,Plastic or Rubber,Sector,9620.55,1.87,9618.679999999998,2.76,0.0,5.0,5.0,4.0,100.0,0.0,0.0,0.0,5.0,5.0,0.0,0.4,0.0,5.0,5.0,4.0,100.0,0.0,0.0,0.0,5.0,5.0,0.0,0.4,0.0
Zambia,2023,Stone and Glass,Sector,172472.57,1833013.39,-1660540.8199999998,49.49,79.49,3.85,0.12,15.0,73.33,26.67,0.0,0.0,5.0,0.0,0.0,42101.32,1788024.07,3.85,0.12,15.0,73.33,26.67,0.0,0.0,5.0,0.0,0.0,42101.32,1788024.07
Zambia,2023,Textiles and Clothing,Sector,6491.35,431.16,6060.1900000000005,1.86,0.02,7.5,2.59,17.0,100.0,0.0,0.0,0.0,40.0,2.5,0.0,404.96,0.0,7.5,2.59,17.0,100.0,0.0,0.0,0.0,40.0,2.5,0.0,404.96,0.0
Zambia,2023,Transportation,Sector,47755.39,202.23,47553.159999999996,13.7,0.01,5.0,5.0,2.0,100.0,0.0,0.0,0.0,5.0,5.0,0.0,200.64,0.0,5.0,5.0,2.0,100.0,0.0,0.0,0.0,5.0,5.0,0.0,200.64,0.0
Zambia,2023,Vegetable,Sector,2870.85,12512.02,-9641.17,0.82,0.54,3.31,2.87,64.0,57.81,42.19,0.0,0.0,40.0,0.0,0.0,12010.16,500.56,3.31,2.87,64.0,57.81,42.19,0.0,0.0,40.0,0.0,0.0,12010.16,500.56
Zambia,2023,Wood,Sector,3081.39,19.06,3062.33,0.88,0.0,3.57,2.47,15.0,73.33,26.67,0.0,0.0,5.0,0.0,0.0,9.26,9.47,3.57,2.47,15.0,73.33,26.67,0.0,0.0,5.0,0.0,0.0,9.26,9.47
Zambia,2023,All Products,Total,348472.9,2306016.76,-1957543.8599999999,100.0,100.0,6.61,0.78,204.0,60.29,38.73,0.98,0.0,100.0,0.0,23.3,282830.1,1853476.97,6.69,0.78,204.0,61.27,35.29,1.47,1.96,100.0,0.0,22.6,282830.35,1853476.72
Zimbabwe,2023,Capital goods,Broad Economic Category,126384.22,752.54,125631.68000000001,38.66,0.03,3.03,4.15,81.0,38.27,59.26,2.47,0.0,5.0,0.0,105.42,697.8,14.73,3.03,4.15,81.0,38.27,59.26,2.47,0.0,5.0,0.0,105.42,697.8,14.73
Zimbabwe,2023,Consumer goods,Broad Economic Category,87590.73,87347.21,243.51999999998952,26.79,3.71,7.35,60.69,155.0,93.55,6.45,0.0,0.0,100.0,0.0,0.0,1918.93,258.62,7.35,60.69,155.0,93.55,6.45,0.0,0.0,100.0,0.0,0.0,1918.93,258.62
Zimbabwe,2023,Intermediate goods,Broad Economic Category,110370.74,1868562.38,-1758191.64,33.76,79.45,3.33,0.01,32.0,68.75,31.25,0.0,0.0,5.0,0.0,0.0,2736.93,1865810.73,3.48,0.01,32.0,78.13,21.88,0.0,0.0,5.0,0.0,0.0,2736.95,1865810.71
Zimbabwe,2023,Raw materials,Broad Economic Category,2415.29,395139.47,-392724.18,0.74,16.8,4.31,13.82,121.0,14.88,81.82,3.31,0.0,100.0,0.0,1.21,55484.82,325970.38,4.57,13.83,121.0,15.7,78.51,5.79,0.0,100.0,0.0,235.89,55719.5,325735.7
Zimbabwe,2023,Animal,Sector,81.71,7.46,74.25,0.03,0.0,1.67,0.38,9.0,11.11,88.89,0.0,0.0,5.0,0.0,0.0,0.56,6.9,1.67,0.38,9.0,11.11,88.89,0.0,0.0,5.0,0.0,0.0,0.56,6.9
Zimbabwe,2023,Chemicals,Sector,11077.02,3619.23,7457.790000000001,3.39,0.15,1.67,3.39,14.0,42.86,57.14,0.0,0.0,5.0,0.0,0.0,2456.06,1162.17,2.02,3.39,14.0,64.29,35.71,0.0,0.0,5.0,0.0,0.0,2456.08,1162.15
Zimbabwe,2023,Food Products,Sector,20094.36,147367.92,-127273.56000000001,6.15,6.27,57.33,98.12,36.0,97.22,2.78,0.0,0.0,100.0,0.0,0.0,141047.58,0.0,57.33,98.12,36.0,97.22,2.78,0.0,0.0,100.0,0.0,0.0,141047.58,0.0
Zimbabwe,2023,Footwear,Sector,349.62,1.31,348.31,0.11,0.0,5.0,5.0,7.0,100.0,0.0,0.0,0.0,5.0,5.0,0.0,1.31,0.0,5.0,5.0,7.0,100.0,0.0,0.0,0.0,5.0,5.0,0.0,1.31,0.0
Zimbabwe,2023,Fuels,Sector,,,,,,,,,,,,,,,,,,,,,,,,,,,,,
Zimbabwe,2023,Hides and Skins,Sector,122.26,21.23,101.03,0.04,0.0,5.0,5.0,2.0,100.0,0.0,0.0,0.0,5.0,5.0,0.0,21.23,0.0,5.0,5.0,2.0,100.0,0.0,0.0,0.0,5.0,5.0,0.0,21.23,0.0
Zimbabwe,2023,Mach and Elec,Sector,101126.63,199.02,100927.61,30.93,0.01,2.68,2.0,59.0,16.95,79.66,3.39,0.0,5.0,0.0,105.42,185.17,12.84,2.68,2.0,59.0,16.95,79.66,3.39,0.0,5.0,0.0,105.42,185.17,12.84
Zimbabwe,2023,Metals,Sector,5816.64,10.51,5806.13,1.78,0.0,5.0,5.0,20.0,100.0,0.0,0.0,0.0,5.0,5.0,0.0,9.23,0.0,5.0,5.0,20.0,100.0,0.0,0.0,0.0,5.0,5.0,0.0,9.23,0.0
Zimbabwe,2023,Minerals,Sector,0.0,169.28,-169.28,,0.01,5.0,5.0,2.0,100.0,0.0,0.0,0.0,5.0,5.0,0.0,98.28,0.0,5.0,5.0,2.0,100.0,0.0,0.0,0.0,5.0,5.0,0.0,98.28,0.0
Zimbabwe,2023,Miscellaneous,Sector,5160.63,118.24,5042.39,1.58,0.01,4.38,4.57,31.0,96.77,3.23,0.0,0.0,5.0,0.0,0.0,20.17,1.89,4.38,4.57,31.0,96.77,3.23,0.0,0.0,5.0,0.0,0.0,20.17,1.89
Zimbabwe,2023,Plastic or Rubber,Sector,12466.26,1.86,12464.4,3.81,0.0,5.0,5.0,2.0,100.0,0.0,0.0,0.0,5.0,5.0,0.0,1.79,0.0,5.0,5.0,2.0,100.0,0.0,0.0,0.0,5.0,5.0,0.0,1.79,0.0
Zimbabwe,2023,Stone and Glass,Sector,96426.8,2185932.03,-2089505.2299999997,29.49,92.95,3.21,0.0,23.0,69.57,30.43,0.0,0.0,5.0,0.0,0.0,737.44,2177869.58,3.21,0.0,23.0,69.57,30.43,0.0,0.0,5.0,0.0,0.0,737.44,2177869.58
Zimbabwe,2023,Textiles and Clothing,Sector,4366.85,5637.54,-1270.6899999999996,1.34,0.24,4.5,0.0,29.0,75.86,24.14,0.0,0.0,5.0,0.0,0.0,2.33,5624.99,4.5,0.0,29.0,75.86,24.14,0.0,0.0,5.0,0.0,0.0,2.33,5624.99
Zimbabwe,2023,Transportation,Sector,59769.25,513.09,59256.16,18.28,0.02,5.0,5.0,12.0,100.0,0.0,0.0,0.0,5.0,5.0,0.0,513.09,0.0,5.0,5.0,12.0,100.0,0.0,0.0,0.0,5.0,5.0,0.0,513.09,0.0
Zimbabwe,2023,Vegetable,Sector,4841.17,8218.87,-3377.7000000000007,1.48,0.35,2.16,0.31,136.0,28.68,68.38,2.94,0.0,25.0,0.0,1.21,178.89,7368.08,2.36,0.81,136.0,29.41,65.44,5.15,0.0,25.0,0.0,235.89,413.57,7133.4
Zimbabwe,2023,Wood,Sector,1736.42,34.69,1701.73,0.53,0.0,3.75,3.7,36.0,86.11,13.89,0.0,0.0,5.0,0.0,0.0,24.79,8.67,3.75,3.7,36.0,86.11,13.89,0.0,0.0,5.0,0.0,0.0,24.79,8.67
Zimbabwe,2023,All Products,Total,326938.4,2351852.27,-2024913.87,100.0,100.0,6.57,5.93,418.0,56.22,42.34,1.44,0.0,100.0,0.0,106.64,145297.93,2192055.11,6.67,5.93,418.0,57.18,40.67,2.15,0.0,100.0,0.0,341.31,145532.63,2191820.42
